instance,user,firstname,lastname,email,skill1,skill2,skill3,skill4,skill5,city
1,1,Margaret,Curry,arcu@outlook.org,1,81,161,241,321,paris
1,2,Ashely,Hyde,urna.suscipit@google.edu,2,82,162,242,322,marseille
1,3,Christopher,Donaldson,amet.nulla@protonmail.org,3,83,163,243,323,lyon
1,4,Jael,Burris,pretium.neque@hotmail.couk,4,84,164,244,324,toulouse
1,5,Amy,Prince,amet.ante.vivamus@aol.net,5,85,165,245,325,nice
1,6,Connor,Wells,enim.condimentum@yahoo.net,6,86,166,246,326,nantes
1,7,Alea,Ramos,magna.a@outlook.net,7,87,167,247,327,montpellier
1,8,Quail,Evans,nulla.facilisis.suspendisse@google.org,8,88,168,248,328,strasbourg
1,9,Valentine,Wilkerson,quisque.tincidunt@outlook.ca,9,89,169,249,329,bordeaux
1,10,Ulric,Conley,non.sollicitudin@yahoo.ca,10,90,170,250,330,lille
1,11,Harrison,Hill,urna.suscipit.nonummy@outlook.org,11,91,171,251,331,paris
1,12,Griffith,Bowman,ornare.facilisis@outlook.net,12,92,172,252,332,marseille
1,13,Justina,Webster,nunc@icloud.com,13,93,173,253,333,lyon
1,14,Ryan,Fulton,aliquam.iaculis@protonmail.edu,14,94,174,254,334,toulouse
1,15,Zia,Dodson,lacus.quisque.imperdiet@hotmail.com,15,95,175,255,335,nice
1,16,Orson,Chen,quam@protonmail.couk,16,96,176,256,336,nantes
1,17,Alec,Watson,magna.suspendisse.tristique@outlook.edu,17,97,177,257,337,montpellier
1,18,Hedy,Hendricks,lacus.pede.sagittis@hotmail.com,18,98,178,258,338,strasbourg
1,19,Dante,Workman,lorem.lorem@outlook.edu,19,99,179,259,339,bordeaux
1,20,Remedios,Griffith,enim@protonmail.net,20,100,180,260,340,lille
1,21,Burke,Knox,montes.nascetur@icloud.ca,21,101,181,261,341,paris
1,22,Ariel,Gay,elit.sed@yahoo.couk,22,102,182,262,342,marseille
1,23,Kyle,Hyde,eget.ipsum@aol.edu,23,103,183,263,343,lyon
1,24,Yuli,Farley,nunc.risus@icloud.org,24,104,184,264,344,toulouse
1,25,Dennis,Cameron,at@yahoo.com,25,105,185,265,345,nice
1,26,Lee,Gregory,dui.fusce.diam@hotmail.couk,26,106,186,266,346,nantes
1,27,Arthur,Lane,enim.nisl.elementum@yahoo.edu,27,107,187,267,347,montpellier
1,28,Daria,Delgado,est.vitae@yahoo.edu,28,108,188,268,348,strasbourg
1,29,Neil,Chan,sit.amet@yahoo.ca,29,109,189,269,349,bordeaux
1,30,Lacy,Yang,sed.leo.cras@aol.com,30,110,190,270,350,lille
1,31,Nash,Clemons,odio@protonmail.edu,31,111,191,271,351,paris
1,32,Travis,Maynard,vitae.aliquet.nec@protonmail.com,32,112,192,272,352,marseille
1,33,Quinlan,Burris,luctus@aol.com,33,113,193,273,353,lyon
1,34,Abraham,Nicholson,ultrices@hotmail.couk,34,114,194,274,354,toulouse
1,35,Duncan,Martin,pede.praesent.eu@icloud.com,35,115,195,275,355,nice
1,36,Shea,Rush,adipiscing.non.luctus@yahoo.edu,36,116,196,276,356,nantes
1,37,Stone,O'brien,vel@icloud.edu,37,117,197,277,357,montpellier
1,38,Kyla,Hewitt,duis.a.mi@yahoo.net,38,118,198,278,358,strasbourg
1,39,Lawrence,Silva,ridiculus.mus@protonmail.couk,39,119,199,279,359,bordeaux
1,40,Madison,Bruce,erat.vitae@outlook.ca,40,120,200,280,360,lille
2,1,Kyla,Romero,blandit.at.nisi@outlook.net,41,121,201,281,361,paris
2,2,Tiger,Cohen,leo.in@hotmail.org,42,122,202,282,362,marseille
2,3,Anastasia,Stanton,dignissim.maecenas@yahoo.ca,43,123,203,283,363,lyon
2,4,Jaquelyn,Padilla,et.ultrices@icloud.com,44,124,204,284,364,toulouse
2,5,Callie,Dalton,laoreet.lectus@outlook.couk,45,125,205,285,365,nice
2,6,Colette,Joyner,rutrum@aol.org,46,126,206,286,366,nantes
2,7,Keelie,Blackburn,vel.vulputate@protonmail.couk,47,127,207,287,367,montpellier
2,8,Rina,Stuart,dolor.egestas@icloud.edu,48,128,208,288,368,strasbourg
2,9,Regina,Washington,tincidunt.neque@outlook.net,49,129,209,289,369,bordeaux
2,10,Rylee,Mccullough,sollicitudin.adipiscing.ligula@protonmail.com,50,130,210,290,370,lille
2,11,Mira,Santiago,bibendum@outlook.org,51,131,211,291,371,paris
2,12,Cain,Weeks,sit@outlook.net,52,132,212,292,372,marseille
2,13,Brenden,Mullins,nunc.est.mollis@yahoo.edu,53,133,213,293,373,lyon
2,14,Nathan,Adkins,purus@yahoo.couk,54,134,214,294,374,toulouse
2,15,Penelope,Rodriquez,auctor@aol.couk,55,135,215,295,375,nice
2,16,Bethany,Norman,congue.in@icloud.net,56,136,216,296,376,nantes
2,17,Zena,Porter,risus.morbi@icloud.com,57,137,217,297,377,montpellier
2,18,Warren,Abbott,congue.in@yahoo.net,58,138,218,298,378,strasbourg
2,19,Edward,Foreman,lectus.convallis@aol.edu,59,139,219,299,379,bordeaux
2,20,Aidan,Hatfield,adipiscing.elit@icloud.edu,60,140,220,300,380,lille
2,21,Tate,Pace,mi.fringilla.mi@google.edu,61,141,221,301,381,paris
2,22,Barbara,Fernandez,placerat.eget@yahoo.org,62,142,222,302,382,marseille
2,23,Aretha,Davenport,massa.lobortis.ultrices@aol.couk,63,143,223,303,383,lyon
2,24,Dominique,Glass,enim.condimentum@google.org,64,144,224,304,384,toulouse
2,25,Scarlett,Cleveland,pede@outlook.ca,65,145,225,305,385,nice
2,26,Logan,Bean,in.hendrerit@outlook.org,66,146,226,306,386,nantes
2,27,Dillon,Dominguez,nascetur.ridiculus@yahoo.ca,67,147,227,307,387,montpellier
2,28,Carson,Shepard,non.lorem@icloud.com,68,148,228,308,388,strasbourg
2,29,Madonna,Adams,gravida.non@aol.net,69,149,229,309,389,bordeaux
2,30,Gareth,Maldonado,lacus@hotmail.org,70,150,230,310,390,lille
2,31,Alexander,Haynes,rhoncus.donec@yahoo.org,71,151,231,311,391,paris
2,32,Xena,Stanton,vulputate.nisi@icloud.edu,72,152,232,312,392,marseille
2,33,Shaine,Bullock,at@icloud.net,73,153,233,313,393,lyon
2,34,Igor,Williams,ut@yahoo.org,74,154,234,314,394,toulouse
2,35,Oscar,Martin,ut.sagittis@outlook.net,75,155,235,315,395,nice
2,36,Sebastian,Dominguez,vel@outlook.edu,76,156,236,316,396,nantes
2,37,Tamara,Wiggins,semper@aol.edu,77,157,237,317,397,montpellier
2,38,Daniel,Miranda,magna.nam@outlook.com,78,158,238,318,398,strasbourg
2,39,Lacy,Sharpe,maecenas.libero@google.com,79,159,239,319,399,bordeaux
2,40,Dacey,Conley,curabitur@hotmail.couk,80,160,240,320,400,lille
3,1,Amela,Morrow,eu.nibh@hotmail.net,81,161,241,321,401,paris
3,2,Noelle,Mcclure,ultrices.posuere.cubilia@icloud.com,82,162,242,322,402,marseille
3,3,Avye,Cain,consectetuer@protonmail.couk,83,163,243,323,403,lyon
3,4,Galvin,Salazar,penatibus@outlook.com,84,164,244,324,404,toulouse
3,5,Orson,Fitzgerald,eu.placerat@outlook.ca,85,165,245,325,405,nice
3,6,Fritz,Preston,penatibus.et@protonmail.couk,86,166,246,326,406,nantes
3,7,Lucas,Hyde,sed.congue@hotmail.net,87,167,247,327,407,montpellier
3,8,Quintessa,Harper,tristique.pellentesque.tellus@hotmail.net,88,168,248,328,408,strasbourg
3,9,Donna,Neal,malesuada.malesuada@yahoo.org,89,169,249,329,409,bordeaux
3,10,Wynter,Pitts,id.sapien.cras@outlook.couk,90,170,250,330,410,lille
3,11,Stella,Decker,amet.orci@outlook.com,91,171,251,331,411,paris
3,12,Raymond,Flores,lectus.convallis.est@yahoo.ca,92,172,252,332,412,marseille
3,13,Yoko,Waters,libero@aol.ca,93,173,253,333,413,lyon
3,14,Linda,Hunter,arcu@google.org,94,174,254,334,414,toulouse
3,15,Burke,Hickman,tempus@hotmail.ca,95,175,255,335,415,nice
3,16,Cameron,Stone,et@outlook.ca,96,176,256,336,416,nantes
3,17,Ursula,Bean,ipsum@icloud.couk,97,177,257,337,417,montpellier
3,18,Wilma,Collier,eu@yahoo.ca,98,178,258,338,418,strasbourg
3,19,Conan,Dean,maecenas.iaculis@google.edu,99,179,259,339,419,bordeaux
3,20,Camden,Ramsey,sodales.mauris@hotmail.couk,100,180,260,340,420,lille
3,21,Dieter,Trevino,eu@outlook.com,101,181,261,341,421,paris
3,22,Nicholas,Ochoa,ultrices.a.auctor@outlook.ca,102,182,262,342,422,marseille
3,23,Rhonda,Crosby,sed.pharetra@yahoo.edu,103,183,263,343,423,lyon
3,24,Miranda,Byrd,bibendum@google.ca,104,184,264,344,424,toulouse
3,25,Jenna,Pickett,mauris@aol.org,105,185,265,345,425,nice
3,26,Zelda,Soto,est.mauris.eu@outlook.com,106,186,266,346,426,nantes
3,27,Mira,Gregory,mi.pede.nonummy@icloud.couk,107,187,267,347,427,montpellier
3,28,Naomi,Nixon,augue.eu@protonmail.org,108,188,268,348,428,strasbourg
3,29,Eve,Bradford,sagittis.augue@hotmail.couk,109,189,269,349,429,bordeaux
3,30,Sawyer,Greer,ullamcorper.eu@google.org,110,190,270,350,430,lille
3,31,Evangeline,Farmer,dictum@icloud.ca,111,191,271,351,431,paris
3,32,Callum,Carr,arcu.vestibulum@icloud.org,112,192,272,352,432,marseille
3,33,Naida,Rogers,adipiscing.lacus@google.couk,113,193,273,353,433,lyon
3,34,Chaney,Bruce,sagittis.placerat@hotmail.edu,114,194,274,354,434,toulouse
3,35,Noble,Stafford,eu@hotmail.com,115,195,275,355,435,nice
3,36,Shad,Atkins,vitae.posuere@icloud.ca,116,196,276,356,436,nantes
3,37,Hall,Puckett,ipsum.dolor@icloud.net,117,197,277,357,437,montpellier
3,38,Zane,Knapp,faucibus.orci@aol.net,118,198,278,358,438,strasbourg
3,39,Summer,Washington,quisque@hotmail.couk,119,199,279,359,439,bordeaux
3,40,Bradley,Meyer,odio.aliquam@yahoo.ca,120,200,280,360,440,lille
4,1,Levi,Camacho,lacinia@icloud.net,121,201,281,361,441,paris
4,2,Merritt,Zimmerman,hendrerit.id.ante@aol.edu,122,202,282,362,442,marseille
4,3,Armando,Mclaughlin,donec.feugiat@protonmail.edu,123,203,283,363,443,lyon
4,4,Marvin,Oneil,cras.eu.tellus@yahoo.net,124,204,284,364,444,toulouse
4,5,Allistair,Morse,eget@icloud.com,125,205,285,365,445,nice
4,6,Preston,Daniels,duis.elementum@protonmail.edu,126,206,286,366,446,nantes
4,7,Ila,England,luctus.felis@icloud.org,127,207,287,367,447,montpellier
4,8,Jesse,Dillon,quisque.ac@protonmail.edu,128,208,288,368,448,strasbourg
4,9,Charlotte,Calhoun,tellus.lorem@yahoo.ca,129,209,289,369,449,bordeaux
4,10,Aiko,Gay,facilisis@outlook.ca,130,210,290,370,450,lille
4,11,Lacy,Berg,suspendisse@icloud.net,131,211,291,371,451,paris
4,12,Sasha,Mccarty,ut.sagittis@aol.org,132,212,292,372,452,marseille
4,13,Katell,Knight,cursus.luctus.ipsum@google.com,133,213,293,373,453,lyon
4,14,Charity,Hurst,convallis.convallis.dolor@icloud.ca,134,214,294,374,454,toulouse
4,15,Patience,Orr,sagittis.nullam.vitae@yahoo.edu,135,215,295,375,455,nice
4,16,Samuel,Alford,enim.etiam@hotmail.org,136,216,296,376,456,nantes
4,17,Cullen,Bruce,libero.nec.ligula@icloud.com,137,217,297,377,457,montpellier
4,18,Autumn,Delgado,nunc.sollicitudin@protonmail.net,138,218,298,378,458,strasbourg
4,19,Skyler,Velez,hendrerit@hotmail.net,139,219,299,379,459,bordeaux
4,20,Rashad,Russell,velit@outlook.net,140,220,300,380,460,lille
4,21,Ezra,Rogers,nostra.per.inceptos@icloud.couk,141,221,301,381,461,paris
4,22,Autumn,Byers,lacinia.at@outlook.couk,142,222,302,382,462,marseille
4,23,Jena,David,vitae.sodales@hotmail.org,143,223,303,383,463,lyon
4,24,Madeson,Jimenez,lectus.cum.sociis@protonmail.couk,144,224,304,384,464,toulouse
4,25,Garrett,Donovan,sit.amet@google.com,145,225,305,385,465,nice
4,26,Zenaida,Nieves,sagittis.placerat@aol.ca,146,226,306,386,466,nantes
4,27,Zena,Kaufman,cursus.vestibulum@outlook.net,147,227,307,387,467,montpellier
4,28,Lee,Gates,varius@aol.com,148,228,308,388,468,strasbourg
4,29,Cathleen,Rojas,phasellus.vitae.mauris@aol.couk,149,229,309,389,469,bordeaux
4,30,Zane,Herrera,non.cursus.non@google.couk,150,230,310,390,470,lille
4,31,Rina,Dominguez,donec.nibh@icloud.ca,151,231,311,391,471,paris
4,32,Jacqueline,Rosa,tempus.mauris@google.org,152,232,312,392,472,marseille
4,33,Illana,Oneil,eu.enim@icloud.org,153,233,313,393,473,lyon
4,34,Arthur,Ward,in.tempus@aol.couk,154,234,314,394,474,toulouse
4,35,Vladimir,Luna,luctus@hotmail.ca,155,235,315,395,475,nice
4,36,Fleur,Burnett,nec@outlook.org,156,236,316,396,476,nantes
4,37,Chandler,Velazquez,vestibulum.nec.euismod@outlook.com,157,237,317,397,477,montpellier
4,38,Asher,Molina,quam.pellentesque@protonmail.org,158,238,318,398,478,strasbourg
4,39,Anjolie,Martin,diam@yahoo.couk,159,239,319,399,479,bordeaux
4,40,Colby,Baxter,a.nunc@icloud.couk,160,240,320,400,480,lille
5,1,Knox,Dennis,diam@hotmail.ca,161,241,321,401,481,paris
5,2,Sydnee,Park,sagittis.augue.eu@aol.edu,162,242,322,402,482,marseille
5,3,Rebecca,Huffman,ut.nisi@hotmail.couk,163,243,323,403,483,lyon
5,4,Ignacia,Love,ipsum.dolor.sit@yahoo.com,164,244,324,404,484,toulouse
5,5,Shay,Moran,non.enim.commodo@outlook.couk,165,245,325,405,485,nice
5,6,Zelda,Hubbard,vitae.risus@google.ca,166,246,326,406,486,nantes
5,7,Alika,Browning,ligula.nullam.feugiat@icloud.ca,167,247,327,407,487,montpellier
5,8,Shelly,Gibson,massa.rutrum@icloud.net,168,248,328,408,488,strasbourg
5,9,Vance,Kane,fringilla.ornare.placerat@outlook.couk,169,249,329,409,489,bordeaux
5,10,Ivy,Mclaughlin,litora.torquent@aol.ca,170,250,330,410,490,lille
5,11,Virginia,Moran,lacinia.at.iaculis@google.com,171,251,331,411,491,paris
5,12,Tobias,Marsh,dui@yahoo.org,172,252,332,412,492,marseille
5,13,Kimberly,Vance,eros.nam.consequat@protonmail.org,173,253,333,413,493,lyon
5,14,Karleigh,Mathews,cras.convallis@google.net,174,254,334,414,494,toulouse
5,15,Graham,Bradshaw,rutrum.urna@aol.couk,175,255,335,415,495,nice
5,16,Roary,Lester,vulputate@protonmail.edu,176,256,336,416,496,nantes
5,17,Reece,Lancaster,enim.condimentum@icloud.com,177,257,337,417,497,montpellier
5,18,Maya,Hampton,vestibulum.nec@aol.org,178,258,338,418,498,strasbourg
5,19,Kessie,Reid,mauris.sagittis.placerat@icloud.org,179,259,339,419,499,bordeaux
5,20,Meredith,Harper,quisque.ac@hotmail.net,180,260,340,420,500,lille
5,21,Lucy,Chan,ut.molestie@icloud.ca,181,261,341,421,501,paris
5,22,Chaim,Spears,arcu.aliquam@aol.ca,182,262,342,422,502,marseille
5,23,Honorato,Delacruz,ut.ipsum@aol.couk,183,263,343,423,503,lyon
5,24,Stewart,Douglas,orci.in.consequat@icloud.com,184,264,344,424,504,toulouse
5,25,Ulric,Patton,nec.luctus.felis@icloud.ca,185,265,345,425,505,nice
5,26,Chancellor,Williams,laoreet.ipsum.curabitur@protonmail.org,186,266,346,426,506,nantes
5,27,Allen,Bradshaw,natoque.penatibus.et@aol.ca,187,267,347,427,507,montpellier
5,28,Pandora,Haley,amet@outlook.net,188,268,348,428,508,strasbourg
5,29,Hamish,Vaughan,amet.ultricies@hotmail.couk,189,269,349,429,509,bordeaux
5,30,Isaac,White,cursus.a@aol.ca,190,270,350,430,510,lille
5,31,Daniel,Brennan,pede.ac@hotmail.net,191,271,351,431,511,paris
5,32,Anjolie,Summers,integer.id@google.edu,192,272,352,432,512,marseille
5,33,Gage,Walsh,proin@aol.edu,193,273,353,433,513,lyon
5,34,Lavinia,Britt,lobortis.augue@google.org,194,274,354,434,514,toulouse
5,35,Tanisha,Herrera,porta.elit@icloud.couk,195,275,355,435,515,nice
5,36,Xavier,Barrera,pharetra@aol.org,196,276,356,436,516,nantes
5,37,September,Barton,mattis.cras.eget@protonmail.net,197,277,357,437,517,montpellier
5,38,Karleigh,Hampton,tincidunt.congue@yahoo.org,198,278,358,438,518,strasbourg
5,39,Iona,Graves,luctus.curabitur@hotmail.edu,199,279,359,439,519,bordeaux
5,40,Hyacinth,Manning,vitae.diam@icloud.com,200,280,360,440,520,lille
6,1,Orson,Fisher,nec.euismod@protonmail.couk,201,281,361,441,521,paris
6,2,Ayanna,Black,praesent.eu.nulla@hotmail.org,202,282,362,442,522,marseille
6,3,Maryam,Knight,aliquam.rutrum@protonmail.edu,203,283,363,443,523,lyon
6,4,Irene,Jacobson,elementum.lorem@yahoo.ca,204,284,364,444,524,toulouse
6,5,Channing,Patterson,ornare.lectus.ante@protonmail.com,205,285,365,445,525,nice
6,6,Tad,Bush,dis@hotmail.ca,206,286,366,446,526,nantes
6,7,Burke,Beach,magna.nam@icloud.com,207,287,367,447,527,montpellier
6,8,Brynne,Pitts,magnis.dis.parturient@protonmail.net,208,288,368,448,528,strasbourg
6,9,Orlando,Wiggins,urna.convallis.erat@hotmail.couk,209,289,369,449,529,bordeaux
6,10,Amber,Baker,duis.a@outlook.com,210,290,370,450,530,lille
6,11,Laurel,Riddle,sem.vitae@protonmail.couk,211,291,371,451,531,paris
6,12,Jorden,Norman,arcu@hotmail.couk,212,292,372,452,532,marseille
6,13,Evan,Campbell,a.purus@yahoo.com,213,293,373,453,533,lyon
6,14,Orli,Cortez,ornare.in@protonmail.net,214,294,374,454,534,toulouse
6,15,Lara,Durham,orci.quis@aol.ca,215,295,375,455,535,nice
6,16,Athena,Simon,arcu.morbi@yahoo.org,216,296,376,456,536,nantes
6,17,Dominique,Rosa,lacus.vestibulum@outlook.org,217,297,377,457,537,montpellier
6,18,Stone,Kirby,pede.cras.vulputate@hotmail.net,218,298,378,458,538,strasbourg
6,19,Katell,Collins,mi.lacinia@outlook.org,219,299,379,459,539,bordeaux
6,20,Oliver,Velasquez,id.risus@aol.ca,220,300,380,460,540,lille
6,21,Libby,Dyer,non.quam.pellentesque@hotmail.ca,221,301,381,461,541,paris
6,22,Carl,Fields,aenean@icloud.edu,222,302,382,462,542,marseille
6,23,Kevin,Suarez,suspendisse@yahoo.net,223,303,383,463,543,lyon
6,24,Chase,Allen,vel.vulputate@google.couk,224,304,384,464,544,toulouse
6,25,Carolyn,Hoffman,litora.torquent@outlook.edu,225,305,385,465,545,nice
6,26,Arden,Stanley,sed.dolor.fusce@google.couk,226,306,386,466,546,nantes
6,27,Prescott,Avila,nunc.risus@outlook.edu,227,307,387,467,547,montpellier
6,28,Freya,Bonner,feugiat.tellus.lorem@google.net,228,308,388,468,548,strasbourg
6,29,Driscoll,Cunningham,congue.a@outlook.edu,229,309,389,469,549,bordeaux
6,30,Donovan,Stokes,aliquet.phasellus@yahoo.edu,230,310,390,470,550,lille
6,31,Addison,Conrad,est.congue.a@google.com,231,311,391,471,551,paris
6,32,Hanae,Collier,velit.sed@google.couk,232,312,392,472,552,marseille
6,33,Iliana,Rice,pharetra.sed.hendrerit@hotmail.net,233,313,393,473,553,lyon
6,34,Heather,Rivera,tempor.diam@google.com,234,314,394,474,554,toulouse
6,35,Merrill,Estes,faucibus@yahoo.edu,235,315,395,475,555,nice
6,36,Grant,Travis,erat.sed@yahoo.com,236,316,396,476,556,nantes
6,37,Stewart,Summers,lectus.ante.dictum@protonmail.couk,237,317,397,477,557,montpellier
6,38,Gannon,Alexander,egestas.aliquam.fringilla@hotmail.ca,238,318,398,478,558,strasbourg
6,39,Chester,Owen,dolor@aol.net,239,319,399,479,559,bordeaux
6,40,Sydnee,Harding,aliquam.adipiscing@icloud.com,240,320,400,480,560,lille
7,1,Aidan,Case,tempor@yahoo.couk,241,321,401,481,561,paris
7,2,Uta,Hardin,justo.praesent.luctus@icloud.net,242,322,402,482,562,marseille
7,3,Gretchen,Benton,rhoncus@google.com,243,323,403,483,563,lyon
7,4,Mira,Arnold,ultrices@outlook.ca,244,324,404,484,564,toulouse
7,5,Destiny,Webster,malesuada.fames.ac@yahoo.edu,245,325,405,485,565,nice
7,6,Wynne,Barrett,fames.ac.turpis@aol.couk,246,326,406,486,566,nantes
7,7,Emmanuel,Hall,curabitur.consequat@google.org,247,327,407,487,567,montpellier
7,8,Desirae,Ballard,urna.justo@google.ca,248,328,408,488,568,strasbourg
7,9,Brenda,James,elit.pede@aol.ca,249,329,409,489,569,bordeaux
7,10,Jolene,Spence,ultricies.dignissim@aol.org,250,330,410,490,570,lille
7,11,Halla,Mcmillan,nunc.quis@google.ca,251,331,411,491,571,paris
7,12,Kameko,Vega,non@protonmail.edu,252,332,412,492,572,marseille
7,13,Quinn,Blackwell,dis.parturient@yahoo.ca,253,333,413,493,573,lyon
7,14,Belle,Whitney,bibendum.sed@yahoo.couk,254,334,414,494,574,toulouse
7,15,Adrian,Hughes,dictum@protonmail.couk,255,335,415,495,575,nice
7,16,Len,Bolton,suspendisse.eleifend@hotmail.org,256,336,416,496,576,nantes
7,17,Grace,Barlow,consectetuer.adipiscing@hotmail.couk,257,337,417,497,577,montpellier
7,18,Erica,Moon,a.nunc.in@yahoo.com,258,338,418,498,578,strasbourg
7,19,Tyler,Barnett,a.aliquet@protonmail.couk,259,339,419,499,579,bordeaux
7,20,Quinlan,Craft,dolor@protonmail.com,260,340,420,500,580,lille
7,21,Carlos,Cardenas,vestibulum.accumsan@outlook.ca,261,341,421,501,581,paris
7,22,Zephr,Aguilar,libero.morbi@hotmail.ca,262,342,422,502,582,marseille
7,23,Gretchen,Lamb,sed@aol.net,263,343,423,503,583,lyon
7,24,Elvis,Stokes,mi.ac@google.couk,264,344,424,504,584,toulouse
7,25,Cyrus,Gibson,vitae.dolor@google.edu,265,345,425,505,585,nice
7,26,Cruz,Johnson,blandit.congue.in@icloud.net,266,346,426,506,586,nantes
7,27,Lenore,Richard,iaculis.odio@aol.org,267,347,427,507,587,montpellier
7,28,Melvin,Fuller,pede.cum@protonmail.couk,268,348,428,508,588,strasbourg
7,29,Mallory,Reid,dui.cras@yahoo.edu,269,349,429,509,589,bordeaux
7,30,Kareem,Hess,egestas.ligula@yahoo.org,270,350,430,510,590,lille
7,31,Otto,Wilson,vel@yahoo.com,271,351,431,511,591,paris
7,32,Shana,Sweeney,nec.tellus.nunc@outlook.net,272,352,432,512,592,marseille
7,33,Christian,Meadows,libero.at.auctor@hotmail.couk,273,353,433,513,593,lyon
7,34,Selma,Chapman,ultrices.mauris@aol.net,274,354,434,514,594,toulouse
7,35,Merritt,Tucker,et.magnis@aol.ca,275,355,435,515,595,nice
7,36,Elmo,Hopkins,suspendisse.aliquet.sem@google.ca,276,356,436,516,596,nantes
7,37,Delilah,Hyde,vel@google.net,277,357,437,517,597,montpellier
7,38,Claire,Kim,ut@protonmail.ca,278,358,438,518,598,strasbourg
7,39,Tanya,Estrada,dapibus.quam@yahoo.edu,279,359,439,519,599,bordeaux
7,40,Kiara,Noble,enim.non@hotmail.net,280,360,440,520,600,lille
8,1,Hayden,Raymond,curabitur.sed.tortor@icloud.couk,281,361,441,521,1,paris
8,2,Venus,Puckett,nulla.facilisi@google.org,282,362,442,522,2,marseille
8,3,Dale,Mcpherson,elit.elit@protonmail.edu,283,363,443,523,3,lyon
8,4,Cathleen,Harris,quis.arcu.vel@google.com,284,364,444,524,4,toulouse
8,5,Mari,Steele,non.sapien@outlook.com,285,365,445,525,5,nice
8,6,Mannix,Landry,condimentum@yahoo.com,286,366,446,526,6,nantes
8,7,James,Barr,eu.lacus@icloud.net,287,367,447,527,7,montpellier
8,8,Murphy,Ross,ante@google.net,288,368,448,528,8,strasbourg
8,9,Bell,Padilla,mus.donec@yahoo.org,289,369,449,529,9,bordeaux
8,10,Boris,Jefferson,mauris.integer.sem@hotmail.edu,290,370,450,530,10,lille
8,11,Ashely,Blake,risus@outlook.org,291,371,451,531,11,paris
8,12,Arsenio,Bradford,dui.lectus@icloud.edu,292,372,452,532,12,marseille
8,13,Emmanuel,Flores,class@google.edu,293,373,453,533,13,lyon
8,14,Brandon,Lindsay,dictum@protonmail.net,294,374,454,534,14,toulouse
8,15,Alisa,Monroe,at.velit@icloud.org,295,375,455,535,15,nice
8,16,Ira,Day,ornare.sagittis@google.ca,296,376,456,536,16,nantes
8,17,Jason,House,malesuada.malesuada.integer@protonmail.couk,297,377,457,537,17,montpellier
8,18,MacKensie,Gomez,quam.pellentesque@icloud.couk,298,378,458,538,18,strasbourg
8,19,Hector,Glover,nulla.interdum.curabitur@icloud.net,299,379,459,539,19,bordeaux
8,20,Ria,Harrell,donec.nibh@hotmail.couk,300,380,460,540,20,lille
8,21,Calvin,Lara,magna.sed.dui@icloud.com,301,381,461,541,21,paris
8,22,Aiko,Vang,dictum.sapien@google.edu,302,382,462,542,22,marseille
8,23,Hiram,Briggs,in.hendrerit@outlook.edu,303,383,463,543,23,lyon
8,24,Megan,Lowe,adipiscing.enim@yahoo.org,304,384,464,544,24,toulouse
8,25,Sasha,Sargent,tempus.non.lacinia@aol.couk,305,385,465,545,25,nice
8,26,Kameko,Kirk,aliquam.erat@outlook.com,306,386,466,546,26,nantes
8,27,Grady,Wiggins,sed.dictum@hotmail.edu,307,387,467,547,27,montpellier
8,28,Kato,Berger,consectetuer.mauris@google.edu,308,388,468,548,28,strasbourg
8,29,Josiah,Vazquez,libero.morbi@protonmail.ca,309,389,469,549,29,bordeaux
8,30,Connor,Olson,sed.orci@yahoo.ca,310,390,470,550,30,lille
8,31,Veda,Dawson,faucibus.lectus@google.couk,311,391,471,551,31,paris
8,32,Adrian,Hickman,est@hotmail.edu,312,392,472,552,32,marseille
8,33,Galvin,Sosa,sed@outlook.org,313,393,473,553,33,lyon
8,34,Alana,Todd,ridiculus.mus@yahoo.couk,314,394,474,554,34,toulouse
8,35,Ryder,Baldwin,gravida.nunc@outlook.ca,315,395,475,555,35,nice
8,36,Petra,Cabrera,non.dapibus@yahoo.com,316,396,476,556,36,nantes
8,37,Jeremy,Johns,dis@aol.edu,317,397,477,557,37,montpellier
8,38,Roanna,Puckett,dis.parturient@icloud.net,318,398,478,558,38,strasbourg
8,39,Damian,Reyes,sodales@hotmail.org,319,399,479,559,39,bordeaux
8,40,Urielle,Raymond,amet@google.edu,320,400,480,560,40,lille
9,1,Velma,Mcpherson,ante.iaculis@hotmail.com,321,401,481,561,41,paris
9,2,Lane,Tran,ut.tincidunt.orci@google.ca,322,402,482,562,42,marseille
9,3,Yardley,Bass,ipsum.porta@hotmail.net,323,403,483,563,43,lyon
9,4,Yuli,Zimmerman,enim@aol.couk,324,404,484,564,44,toulouse
9,5,Brock,Stevenson,lobortis.quam@aol.couk,325,405,485,565,45,nice
9,6,Preston,Hendricks,phasellus@outlook.couk,326,406,486,566,46,nantes
9,7,Xavier,Tate,aenean.euismod@protonmail.com,327,407,487,567,47,montpellier
9,8,Pamela,Hopper,mauris.sapien@yahoo.net,328,408,488,568,48,strasbourg
9,9,Seth,Hammond,curabitur.massa@protonmail.net,329,409,489,569,49,bordeaux
9,10,Julie,Freeman,amet.ornare@icloud.net,330,410,490,570,50,lille
9,11,Hamish,Page,sed.malesuada@hotmail.edu,331,411,491,571,51,paris
9,12,Rama,Cervantes,curae.phasellus@protonmail.ca,332,412,492,572,52,marseille
9,13,Vivien,Calderon,pharetra.ut@protonmail.org,333,413,493,573,53,lyon
9,14,Paul,Martinez,phasellus.dapibus.quam@aol.net,334,414,494,574,54,toulouse
9,15,Norman,Gilbert,blandit.congue@protonmail.com,335,415,495,575,55,nice
9,16,Jelani,Hensley,sit.amet@google.ca,336,416,496,576,56,nantes
9,17,Wade,Chavez,enim.mi@hotmail.net,337,417,497,577,57,montpellier
9,18,Bianca,Dominguez,non.sapien@outlook.ca,338,418,498,578,58,strasbourg
9,19,Mufutau,Rutledge,posuere@aol.edu,339,419,499,579,59,bordeaux
9,20,Leslie,Bauer,semper@outlook.net,340,420,500,580,60,lille
9,21,Gisela,Hughes,velit.cras.lorem@aol.couk,341,421,501,581,61,paris
9,22,Kimberley,Hensley,quis.diam@aol.couk,342,422,502,582,62,marseille
9,23,Ila,Stephens,auctor@protonmail.net,343,423,503,583,63,lyon
9,24,Nadine,Humphrey,cras.dictum.ultricies@yahoo.com,344,424,504,584,64,toulouse
9,25,Darius,Graves,morbi.neque.tellus@yahoo.ca,345,425,505,585,65,nice
9,26,Gail,Day,luctus@protonmail.net,346,426,506,586,66,nantes
9,27,Jermaine,Garcia,et.magnis@aol.couk,347,427,507,587,67,montpellier
9,28,Doris,Boone,semper.auctor.mauris@outlook.org,348,428,508,588,68,strasbourg
9,29,Jarrod,Reynolds,pellentesque.tellus@aol.com,349,429,509,589,69,bordeaux
9,30,Florence,Calhoun,tempus.lorem.fringilla@yahoo.ca,350,430,510,590,70,lille
9,31,Mufutau,Craig,nisi@yahoo.ca,351,431,511,591,71,paris
9,32,Leilani,Mccoy,volutpat@yahoo.com,352,432,512,592,72,marseille
9,33,Sopoline,Greene,eget.metus.in@hotmail.couk,353,433,513,593,73,lyon
9,34,Adria,Reeves,aliquet.magna@icloud.org,354,434,514,594,74,toulouse
9,35,Wyoming,Mack,enim@protonmail.org,355,435,515,595,75,nice
9,36,Nolan,Larsen,et.commodo.at@aol.couk,356,436,516,596,76,nantes
9,37,Nyssa,Aguilar,ut@yahoo.net,357,437,517,597,77,montpellier
9,38,Vivian,Moody,magnis.dis@outlook.net,358,438,518,598,78,strasbourg
9,39,Samuel,Copeland,quis@yahoo.ca,359,439,519,599,79,bordeaux
9,40,Kellie,Walton,pellentesque@icloud.org,360,440,520,600,80,lille
10,1,Tamara,Fry,proin.dolor@outlook.org,361,441,521,1,81,paris
10,2,Lacota,Simpson,a.sollicitudin@hotmail.ca,362,442,522,2,82,marseille
10,3,Wyoming,Baird,nullam.lobortis.quam@google.couk,363,443,523,3,83,lyon
10,4,Medge,Wall,mi@yahoo.couk,364,444,524,4,84,toulouse
10,5,Ross,Downs,in.molestie@hotmail.com,365,445,525,5,85,nice
10,6,Tatum,Beck,orci.luctus@protonmail.ca,366,446,526,6,86,nantes
10,7,Catherine,Mclaughlin,feugiat.sed@outlook.edu,367,447,527,7,87,montpellier
10,8,Alan,Chaney,sollicitudin.adipiscing@yahoo.net,368,448,528,8,88,strasbourg
10,9,Lyle,Petersen,tortor.nunc@yahoo.ca,369,449,529,9,89,bordeaux
10,10,Winter,Johnston,nunc.nulla@icloud.edu,370,450,530,10,90,lille
10,11,Cooper,Fernandez,dui.fusce@protonmail.org,371,451,531,11,91,paris
10,12,Alika,Acevedo,vestibulum.ante@yahoo.com,372,452,532,12,92,marseille
10,13,Carter,Cherry,mauris.sapien.cursus@google.edu,373,453,533,13,93,lyon
10,14,Maite,Oliver,molestie@google.org,374,454,534,14,94,toulouse
10,15,Steel,Meyers,sem.semper@aol.edu,375,455,535,15,95,nice
10,16,Melanie,Keller,ut@aol.ca,376,456,536,16,96,nantes
10,17,Walter,Leonard,ut.semper@google.couk,377,457,537,17,97,montpellier
10,18,Violet,Daugherty,mi.tempor@icloud.com,378,458,538,18,98,strasbourg
10,19,Sean,Hyde,sem.magna.nec@hotmail.org,379,459,539,19,99,bordeaux
10,20,Vincent,Wilcox,nunc@google.edu,380,460,540,20,100,lille
10,21,Caldwell,Haley,maecenas@hotmail.net,381,461,541,21,101,paris
10,22,Priscilla,Lucas,bibendum@icloud.org,382,462,542,22,102,marseille
10,23,Bevis,Cabrera,mus.aenean@yahoo.ca,383,463,543,23,103,lyon
10,24,Ryder,Odom,cum@outlook.couk,384,464,544,24,104,toulouse
10,25,Igor,Goff,ut.mi.duis@google.ca,385,465,545,25,105,nice
10,26,Jane,Barron,ut@icloud.couk,386,466,546,26,106,nantes
10,27,Charlotte,O'connor,molestie.tortor@google.org,387,467,547,27,107,montpellier
10,28,Shay,Ray,sed.diam.lorem@hotmail.ca,388,468,548,28,108,strasbourg
10,29,Alika,Case,donec@protonmail.ca,389,469,549,29,109,bordeaux
10,30,Keegan,Rocha,a.purus@protonmail.net,390,470,550,30,110,lille
10,31,Honorato,Wagner,massa.vestibulum@aol.org,391,471,551,31,111,paris
10,32,Lareina,Kelley,augue.id@aol.com,392,472,552,32,112,marseille
10,33,Russell,Delaney,non.arcu.vivamus@protonmail.com,393,473,553,33,113,lyon
10,34,Quintessa,Underwood,nibh.sit@protonmail.couk,394,474,554,34,114,toulouse
10,35,Igor,Rhodes,nunc.mauris.morbi@aol.org,395,475,555,35,115,nice
10,36,Cleo,Parsons,amet.risus.donec@aol.ca,396,476,556,36,116,nantes
10,37,Chandler,Luna,varius@hotmail.org,397,477,557,37,117,montpellier
10,38,Gwendolyn,Ellis,fringilla.purus.mauris@outlook.com,398,478,558,38,118,strasbourg
10,39,Sopoline,Turner,vestibulum.lorem@google.org,399,479,559,39,119,bordeaux
10,40,Merritt,Lewis,vel.vulputate@google.net,400,480,560,40,120,lille
11,1,Troy,Chen,lorem.eu.metus@icloud.edu,401,481,561,41,121,paris
11,2,Roth,Alford,aliquet.molestie@outlook.net,402,482,562,42,122,marseille
11,3,Nicole,Pacheco,a.scelerisque.sed@icloud.couk,403,483,563,43,123,lyon
11,4,Hyacinth,Preston,ultrices.iaculis.odio@outlook.net,404,484,564,44,124,toulouse
11,5,Jade,Ryan,sit.amet@hotmail.com,405,485,565,45,125,nice
11,6,Larissa,Clark,vitae.aliquam.eros@google.edu,406,486,566,46,126,nantes
11,7,Tanner,Pacheco,ultrices.a.auctor@hotmail.edu,407,487,567,47,127,montpellier
11,8,Alan,Franks,integer.vulputate@aol.net,408,488,568,48,128,strasbourg
11,9,Karen,Cote,urna.justo@protonmail.ca,409,489,569,49,129,bordeaux
11,10,Zane,Ortega,ornare.lectus@outlook.net,410,490,570,50,130,lille
11,11,Dahlia,Gordon,aliquet.phasellus@protonmail.com,411,491,571,51,131,paris
11,12,Sonya,Cantu,amet.massa@icloud.couk,412,492,572,52,132,marseille
11,13,Chancellor,Mcfarland,per.inceptos.hymenaeos@aol.edu,413,493,573,53,133,lyon
11,14,Jeanette,Moon,ligula.tortor@yahoo.couk,414,494,574,54,134,toulouse
11,15,Jennifer,Fuentes,ut.molestie.in@google.com,415,495,575,55,135,nice
11,16,Alexa,Kinney,libero.nec.ligula@aol.edu,416,496,576,56,136,nantes
11,17,Cadman,Hunter,neque.nullam@outlook.org,417,497,577,57,137,montpellier
11,18,Mallory,Fuentes,erat.volutpat@aol.net,418,498,578,58,138,strasbourg
11,19,Lars,Fuller,lorem.tristique.aliquet@google.couk,419,499,579,59,139,bordeaux
11,20,Shelby,Baker,lorem.auctor.quis@yahoo.ca,420,500,580,60,140,lille
11,21,Branden,Dickerson,sodales.at@google.ca,421,501,581,61,141,paris
11,22,Nayda,Morrison,convallis@hotmail.com,422,502,582,62,142,marseille
11,23,Macey,Nixon,aliquam.vulputate@hotmail.couk,423,503,583,63,143,lyon
11,24,Carla,Rogers,dignissim.lacus.aliquam@protonmail.com,424,504,584,64,144,toulouse
11,25,Cadman,Buckley,pellentesque@yahoo.net,425,505,585,65,145,nice
11,26,Tatum,Christian,dui.augue@outlook.net,426,506,586,66,146,nantes
11,27,Serena,Whitehead,eros.non@aol.net,427,507,587,67,147,montpellier
11,28,Joshua,Johnson,mi.ac@outlook.org,428,508,588,68,148,strasbourg
11,29,Nigel,Pratt,adipiscing.elit@google.ca,429,509,589,69,149,bordeaux
11,30,Xenos,Richard,sapien@outlook.ca,430,510,590,70,150,lille
11,31,James,Huffman,nulla.aliquet.proin@hotmail.edu,431,511,591,71,151,paris
11,32,Honorato,Browning,aliquam.nisl.nulla@google.edu,432,512,592,72,152,marseille
11,33,Neil,Rutledge,et.tristique.pellentesque@hotmail.net,433,513,593,73,153,lyon
11,34,Raymond,Lang,ut@icloud.com,434,514,594,74,154,toulouse
11,35,Hunter,Cannon,iaculis@aol.ca,435,515,595,75,155,nice
11,36,Wanda,Mendez,mauris.nulla@outlook.com,436,516,596,76,156,nantes
11,37,Scott,Rivera,consequat@hotmail.com,437,517,597,77,157,montpellier
11,38,Rudyard,Vincent,magnis@hotmail.edu,438,518,598,78,158,strasbourg
11,39,Aidan,Winters,id.sapien@google.org,439,519,599,79,159,bordeaux
11,40,Brynn,Cortez,sapien.nunc@google.net,440,520,600,80,160,lille
12,1,Omar,Guy,faucibus.orci@yahoo.couk,441,521,1,81,161,paris
12,2,Odessa,Robles,massa.lobortis@yahoo.com,442,522,2,82,162,marseille
12,3,Ava,Wilcox,dui.cum@outlook.net,443,523,3,83,163,lyon
12,4,Zachery,Macias,ligula@yahoo.ca,444,524,4,84,164,toulouse
12,5,Dora,Potter,etiam.laoreet.libero@yahoo.net,445,525,5,85,165,nice
12,6,Jeremy,Schultz,donec.consectetuer.mauris@aol.net,446,526,6,86,166,nantes
12,7,Alec,Perkins,etiam@google.couk,447,527,7,87,167,montpellier
12,8,Alfreda,Haney,adipiscing.elit.etiam@icloud.org,448,528,8,88,168,strasbourg
12,9,Davis,Maddox,maecenas.ornare@google.org,449,529,9,89,169,bordeaux
12,10,Noble,Sutton,ut.semper@protonmail.org,450,530,10,90,170,lille
12,11,Hamilton,Schneider,dictum.augue@google.org,451,531,11,91,171,paris
12,12,Florence,Weiss,vel.arcu@google.couk,452,532,12,92,172,marseille
12,13,Sylvester,James,amet@protonmail.net,453,533,13,93,173,lyon
12,14,Leah,Meyer,semper.rutrum@protonmail.ca,454,534,14,94,174,toulouse
12,15,Astra,Boyd,lectus.rutrum@yahoo.ca,455,535,15,95,175,nice
12,16,Eaton,Mccoy,ac@yahoo.com,456,536,16,96,176,nantes
12,17,Brenden,Holcomb,pellentesque@hotmail.org,457,537,17,97,177,montpellier
12,18,Geoffrey,Stanton,integer.id.magna@aol.com,458,538,18,98,178,strasbourg
12,19,Petra,Mejia,eu.augue.porttitor@icloud.edu,459,539,19,99,179,bordeaux
12,20,Galena,Serrano,vitae.semper@outlook.org,460,540,20,100,180,lille
12,21,Emerald,Bentley,aliquam.eros@hotmail.couk,461,541,21,101,181,paris
12,22,Kelsey,Cash,sed@icloud.edu,462,542,22,102,182,marseille
12,23,Hakeem,Potts,donec.feugiat@google.com,463,543,23,103,183,lyon
12,24,Quentin,Cleveland,curae.donec@protonmail.com,464,544,24,104,184,toulouse
12,25,Amelia,Howard,hymenaeos.mauris@google.couk,465,545,25,105,185,nice
12,26,Steel,Compton,phasellus.ornare.fusce@aol.net,466,546,26,106,186,nantes
12,27,Yolanda,Horton,mauris.magna@icloud.net,467,547,27,107,187,montpellier
12,28,Selma,Mcgowan,malesuada.vel@icloud.com,468,548,28,108,188,strasbourg
12,29,Kirk,Mcdonald,hymenaeos@icloud.couk,469,549,29,109,189,bordeaux
12,30,Ori,Vazquez,adipiscing.non@yahoo.couk,470,550,30,110,190,lille
12,31,Xaviera,Richard,ac.mattis.velit@hotmail.net,471,551,31,111,191,paris
12,32,Kirk,Dalton,blandit.congue@outlook.net,472,552,32,112,192,marseille
12,33,Kamal,Price,suscipit@outlook.org,473,553,33,113,193,lyon
12,34,Winter,Bush,pede.cum@yahoo.couk,474,554,34,114,194,toulouse
12,35,Aladdin,Clay,in.consequat@aol.edu,475,555,35,115,195,nice
12,36,Adara,Britt,pharetra.nam.ac@aol.ca,476,556,36,116,196,nantes
12,37,Darius,O'brien,nam.ac@google.edu,477,557,37,117,197,montpellier
12,38,Gillian,Huber,dui.lectus@icloud.org,478,558,38,118,198,strasbourg
12,39,Cassidy,Hudson,ultricies.ornare@outlook.ca,479,559,39,119,199,bordeaux
12,40,Zachery,Sharp,curabitur.massa@google.edu,480,560,40,120,200,lille
13,1,Chaim,Lynch,non.dapibus.rutrum@aol.com,481,561,41,121,201,paris
13,2,Fallon,Massey,mauris.nulla@hotmail.net,482,562,42,122,202,marseille
13,3,Denton,Santiago,penatibus@protonmail.com,483,563,43,123,203,lyon
13,4,Jameson,Short,sodales.purus.in@aol.org,484,564,44,124,204,toulouse
13,5,Hiroko,Fox,natoque.penatibus.et@google.com,485,565,45,125,205,nice
13,6,Aurelia,Mcclain,massa.mauris@icloud.edu,486,566,46,126,206,nantes
13,7,Caesar,Luna,in.dolor@yahoo.ca,487,567,47,127,207,montpellier
13,8,Cameran,Fernandez,maecenas@protonmail.com,488,568,48,128,208,strasbourg
13,9,Leah,Slater,nulla@aol.net,489,569,49,129,209,bordeaux
13,10,Nissim,Chase,mauris.eu@icloud.edu,490,570,50,130,210,lille
13,11,Alden,Morgan,at.velit@yahoo.ca,491,571,51,131,211,paris
13,12,Yeo,Bolton,nunc.in@yahoo.org,492,572,52,132,212,marseille
13,13,Leroy,Garrett,integer.sem@protonmail.net,493,573,53,133,213,lyon
13,14,Ciara,Herring,elit.pretium@aol.edu,494,574,54,134,214,toulouse
13,15,Fallon,Velasquez,vitae.sodales.at@hotmail.edu,495,575,55,135,215,nice
13,16,Donovan,Chandler,eros.nec@yahoo.org,496,576,56,136,216,nantes
13,17,Aurora,Howard,quis.pede@icloud.net,497,577,57,137,217,montpellier
13,18,Nero,Waters,blandit.enim.consequat@hotmail.org,498,578,58,138,218,strasbourg
13,19,Lars,Fox,sit.amet.massa@icloud.net,499,579,59,139,219,bordeaux
13,20,Chaim,Brooks,mauris.blandit@hotmail.couk,500,580,60,140,220,lille
13,21,Wesley,Blair,nec@icloud.org,501,581,61,141,221,paris
13,22,Evangeline,Daugherty,vulputate@icloud.org,502,582,62,142,222,marseille
13,23,Kennan,King,a.dui.cras@icloud.ca,503,583,63,143,223,lyon
13,24,Aretha,Mccullough,lectus@outlook.org,504,584,64,144,224,toulouse
13,25,Blythe,Mccarty,a.arcu@protonmail.ca,505,585,65,145,225,nice
13,26,Ulla,Arnold,et.malesuada@outlook.edu,506,586,66,146,226,nantes
13,27,Boris,Rojas,est@yahoo.ca,507,587,67,147,227,montpellier
13,28,Stuart,Lloyd,euismod.in@aol.com,508,588,68,148,228,strasbourg
13,29,Naida,Stanley,interdum.nunc@aol.ca,509,589,69,149,229,bordeaux
13,30,Skyler,Stevens,sed.leo@aol.org,510,590,70,150,230,lille
13,31,Nigel,Guerra,est.ac@hotmail.org,511,591,71,151,231,paris
13,32,Serena,Barton,amet.massa.quisque@icloud.org,512,592,72,152,232,marseille
13,33,August,Mccullough,euismod.urna@protonmail.net,513,593,73,153,233,lyon
13,34,Madeline,Gentry,ut@hotmail.couk,514,594,74,154,234,toulouse
13,35,Rachel,Rivera,tempor.diam@aol.edu,515,595,75,155,235,nice
13,36,Georgia,Hubbard,arcu.vestibulum@google.edu,516,596,76,156,236,nantes
13,37,Burke,Delacruz,sed.est@outlook.net,517,597,77,157,237,montpellier
13,38,Whitney,Lang,ridiculus@hotmail.org,518,598,78,158,238,strasbourg
13,39,Brynne,Fletcher,nostra.per.inceptos@protonmail.edu,519,599,79,159,239,bordeaux
13,40,Kiona,Morgan,velit.pellentesque@google.net,520,600,80,160,240,lille
14,1,Astra,Donaldson,arcu@protonmail.ca,521,1,81,161,241,paris
14,2,Reese,Bass,fringilla@protonmail.edu,522,2,82,162,242,marseille
14,3,Cameron,Miles,libero.proin@icloud.couk,523,3,83,163,243,lyon
14,4,Joseph,Kelly,aenean.eget.magna@hotmail.net,524,4,84,164,244,toulouse
14,5,Kessie,Ferguson,nullam.velit@protonmail.com,525,5,85,165,245,nice
14,6,Keely,Bailey,orci.quis.lectus@icloud.org,526,6,86,166,246,nantes
14,7,Reed,Williamson,eu@yahoo.edu,527,7,87,167,247,montpellier
14,8,McKenzie,Nash,dignissim.lacus@yahoo.couk,528,8,88,168,248,strasbourg
14,9,Beatrice,Luna,lacus.mauris.non@outlook.org,529,9,89,169,249,bordeaux
14,10,Marsden,Joyner,ipsum.suspendisse@hotmail.org,530,10,90,170,250,lille
14,11,Trevor,Bryan,lacus.etiam.bibendum@protonmail.ca,531,11,91,171,251,paris
14,12,Vincent,Norman,egestas@yahoo.com,532,12,92,172,252,marseille
14,13,Mari,Vance,eu.dui@aol.ca,533,13,93,173,253,lyon
14,14,Jennifer,Wise,egestas.lacinia@google.com,534,14,94,174,254,toulouse
14,15,Bryar,Knox,dolor.dapibus@protonmail.ca,535,15,95,175,255,nice
14,16,Davis,Salas,ac.turpis@protonmail.org,536,16,96,176,256,nantes
14,17,Hector,Barton,vulputate.posuere.vulputate@google.edu,537,17,97,177,257,montpellier
14,18,Kelly,Nichols,mus.proin@aol.net,538,18,98,178,258,strasbourg
14,19,Clayton,Marquez,duis.mi.enim@hotmail.couk,539,19,99,179,259,bordeaux
14,20,Uma,Boyer,auctor.nunc@yahoo.edu,540,20,100,180,260,lille
14,21,Emily,Mosley,a.scelerisque.sed@icloud.org,541,21,101,181,261,paris
14,22,Naida,Howe,fringilla.ornare@google.couk,542,22,102,182,262,marseille
14,23,Marcia,Mcguire,donec.elementum@protonmail.ca,543,23,103,183,263,lyon
14,24,Brielle,Chavez,amet.dapibus@aol.ca,544,24,104,184,264,toulouse
14,25,Cain,Ramos,dictum.ultricies.ligula@outlook.edu,545,25,105,185,265,nice
14,26,Libby,Reynolds,adipiscing.lacus.ut@icloud.ca,546,26,106,186,266,nantes
14,27,Beverly,Reeves,aenean.eget.magna@outlook.net,547,27,107,187,267,montpellier
14,28,Xavier,Savage,sodales.at@google.couk,548,28,108,188,268,strasbourg
14,29,Dieter,Roth,neque@protonmail.com,549,29,109,189,269,bordeaux
14,30,Leslie,Cannon,eleifend.nec.malesuada@icloud.ca,550,30,110,190,270,lille
14,31,Maggy,Goodman,volutpat.nunc@outlook.net,551,31,111,191,271,paris
14,32,Riley,Garrison,accumsan.convallis.ante@outlook.com,552,32,112,192,272,marseille
14,33,Hop,Mcmahon,quisque.tincidunt@google.com,553,33,113,193,273,lyon
14,34,Macaulay,Witt,rhoncus.proin@protonmail.edu,554,34,114,194,274,toulouse
14,35,Lucius,Davidson,adipiscing.lacus@outlook.edu,555,35,115,195,275,nice
14,36,Craig,Gibbs,nunc.mauris@hotmail.com,556,36,116,196,276,nantes
14,37,Jana,Coffey,magna.nec@aol.com,557,37,117,197,277,montpellier
14,38,Sybill,O'Neill,ut.erat@protonmail.couk,558,38,118,198,278,strasbourg
14,39,Virginia,Dale,urna.nec@outlook.com,559,39,119,199,279,bordeaux
14,40,Kennan,Forbes,eget@google.couk,560,40,120,200,280,lille
15,1,Forrest,Caldwell,dignissim.magna@hotmail.net,561,41,121,201,281,paris
15,2,Rylee,Grimes,sit.amet@protonmail.net,562,42,122,202,282,marseille
15,3,Ignatius,Morse,ligula.aenean.euismod@protonmail.net,563,43,123,203,283,lyon
15,4,Shelley,Washington,ultrices.posuere.cubilia@yahoo.org,564,44,124,204,284,toulouse
15,5,Martin,Chan,donec.tempus@hotmail.edu,565,45,125,205,285,nice
15,6,Quynn,Cleveland,nulla.magna@google.edu,566,46,126,206,286,nantes
15,7,Hillary,Good,eu.nulla@protonmail.com,567,47,127,207,287,montpellier
15,8,Omar,Morris,neque.non@protonmail.com,568,48,128,208,288,strasbourg
15,9,Maryam,Dean,semper.cursus.integer@yahoo.org,569,49,129,209,289,bordeaux
15,10,Ocean,Jones,id.sapien.cras@icloud.ca,570,50,130,210,290,lille
15,11,Dora,Langley,duis.at@icloud.edu,571,51,131,211,291,paris
15,12,Keegan,Velazquez,eu@google.com,572,52,132,212,292,marseille
15,13,Kathleen,Brewer,pellentesque.ut@aol.ca,573,53,133,213,293,lyon
15,14,Hall,Hicks,augue.ac@protonmail.ca,574,54,134,214,294,toulouse
15,15,Hilel,Sparks,elit.fermentum@hotmail.org,575,55,135,215,295,nice
15,16,Mechelle,Walsh,faucibus@aol.couk,576,56,136,216,296,nantes
15,17,Arsenio,House,leo.vivamus@yahoo.com,577,57,137,217,297,montpellier
15,18,Yoko,Decker,vulputate.risus@outlook.com,578,58,138,218,298,strasbourg
15,19,Kaye,Hayden,luctus.vulputate@protonmail.couk,579,59,139,219,299,bordeaux
15,20,Ezekiel,Garner,pede.ac.urna@aol.org,580,60,140,220,300,lille
15,21,Channing,Scott,nascetur.ridiculus.mus@google.edu,581,61,141,221,301,paris
15,22,Angela,Compton,integer.vitae.nibh@icloud.couk,582,62,142,222,302,marseille
15,23,Lucius,Pittman,a.dui@google.ca,583,63,143,223,303,lyon
15,24,Herman,Williamson,non.justo.proin@google.ca,584,64,144,224,304,toulouse
15,25,Maisie,Weeks,mauris@icloud.net,585,65,145,225,305,nice
15,26,Yeo,Dillon,rutrum.fusce@aol.org,586,66,146,226,306,nantes
15,27,Leilani,Workman,non.enim@hotmail.net,587,67,147,227,307,montpellier
15,28,Yuli,Griffin,mauris.erat@aol.edu,588,68,148,228,308,strasbourg
15,29,Candace,Foreman,elit@aol.edu,589,69,149,229,309,bordeaux
15,30,Keane,Hatfield,velit.eu@outlook.couk,590,70,150,230,310,lille
15,31,Oren,Finley,sem.eget@protonmail.edu,591,71,151,231,311,paris
15,32,Nathan,Page,aliquam.fringilla.cursus@icloud.ca,592,72,152,232,312,marseille
15,33,Demetrius,Sullivan,nam@outlook.com,593,73,153,233,313,lyon
15,34,Louis,Vasquez,ornare.in.faucibus@aol.couk,594,74,154,234,314,toulouse
15,35,Dennis,Heath,tempor.lorem@icloud.com,595,75,155,235,315,nice
15,36,Porter,Woodard,dictum.eu.placerat@icloud.ca,596,76,156,236,316,nantes
15,37,Iona,Mckinney,faucibus.orci@aol.ca,597,77,157,237,317,montpellier
15,38,Brittany,Lara,montes.nascetur@outlook.couk,598,78,158,238,318,strasbourg
15,39,Blossom,Lindsay,in.consectetuer.ipsum@outlook.ca,599,79,159,239,319,bordeaux
15,40,Nita,Barnett,rutrum.magna@icloud.edu,600,80,160,240,320,lille
16,1,Savannah,Guthrie,vulputate.posuere@outlook.org,1,81,161,241,321,paris
16,2,Mechelle,Chase,molestie@google.net,2,82,162,242,322,marseille
16,3,Chiquita,David,neque.non@icloud.edu,3,83,163,243,323,lyon
16,4,Alfonso,Contreras,lectus.cum@aol.edu,4,84,164,244,324,toulouse
16,5,Lydia,Chambers,tellus.lorem@google.couk,5,85,165,245,325,nice
16,6,Britanney,Poole,nec@yahoo.net,6,86,166,246,326,nantes
16,7,Xander,Robbins,egestas.duis@icloud.ca,7,87,167,247,327,montpellier
16,8,Morgan,Phelps,et.lacinia.vitae@google.edu,8,88,168,248,328,strasbourg
16,9,Vaughan,Meyers,phasellus.at.augue@yahoo.net,9,89,169,249,329,bordeaux
16,10,Yasir,Hardy,facilisis.magna.tellus@protonmail.couk,10,90,170,250,330,lille
16,11,Murphy,Bryan,nec.mauris.blandit@aol.net,11,91,171,251,331,paris
16,12,Quintessa,Rowe,lacus.pede@google.edu,12,92,172,252,332,marseille
16,13,Joel,Blackburn,nunc.id@hotmail.couk,13,93,173,253,333,lyon
16,14,Blossom,Mason,duis.cursus@aol.couk,14,94,174,254,334,toulouse
16,15,Aphrodite,Torres,orci.donec@aol.couk,15,95,175,255,335,nice
16,16,Burton,Bailey,eu.augue@outlook.edu,16,96,176,256,336,nantes
16,17,Halee,Nichols,nunc.sed.libero@aol.ca,17,97,177,257,337,montpellier
16,18,Louis,Mullins,cursus.vestibulum@protonmail.ca,18,98,178,258,338,strasbourg
16,19,Rae,Swanson,maecenas.libero@outlook.ca,19,99,179,259,339,bordeaux
16,20,Aphrodite,Bell,quam.elementum@protonmail.org,20,100,180,260,340,lille
16,21,Madeson,Pacheco,convallis.convallis@aol.org,21,101,181,261,341,paris
16,22,Micah,Watkins,arcu.ac.orci@hotmail.couk,22,102,182,262,342,marseille
16,23,Barry,Curtis,purus@outlook.org,23,103,183,263,343,lyon
16,24,Cooper,Schroeder,cursus@protonmail.net,24,104,184,264,344,toulouse
16,25,Tamekah,Aguirre,mollis.vitae@hotmail.org,25,105,185,265,345,nice
16,26,Aileen,Brennan,velit.aliquam.nisl@yahoo.com,26,106,186,266,346,nantes
16,27,Elmo,Holman,nulla.vulputate@aol.edu,27,107,187,267,347,montpellier
16,28,Ora,Burris,duis.mi@hotmail.org,28,108,188,268,348,strasbourg
16,29,Akeem,Owens,suspendisse.non@yahoo.net,29,109,189,269,349,bordeaux
16,30,Melyssa,Gaines,laoreet.lectus.quis@google.couk,30,110,190,270,350,lille
16,31,Bertha,Oliver,eu.metus.in@yahoo.net,31,111,191,271,351,paris
16,32,Leila,Mccray,felis.adipiscing.fringilla@icloud.org,32,112,192,272,352,marseille
16,33,Zachary,Higgins,mi@icloud.edu,33,113,193,273,353,lyon
16,34,Reed,Barlow,nibh@google.couk,34,114,194,274,354,toulouse
16,35,Logan,Aguilar,amet.consectetuer@icloud.com,35,115,195,275,355,nice
16,36,Acton,Gutierrez,donec.felis@protonmail.edu,36,116,196,276,356,nantes
16,37,Rose,Cooke,dolor@hotmail.ca,37,117,197,277,357,montpellier
16,38,Whitney,Barton,sollicitudin.a.malesuada@outlook.ca,38,118,198,278,358,strasbourg
16,39,Aiko,Blankenship,etiam.gravida.molestie@yahoo.couk,39,119,199,279,359,bordeaux
16,40,Unity,Curtis,ut.ipsum.ac@aol.org,40,120,200,280,360,lille
17,1,Hamish,Price,ullamcorper@protonmail.ca,41,121,201,281,361,paris
17,2,Geoffrey,Hill,dolor.nulla@outlook.edu,42,122,202,282,362,marseille
17,3,Lamar,Molina,non.quam@hotmail.org,43,123,203,283,363,lyon
17,4,Geraldine,Colon,a.ultricies@protonmail.com,44,124,204,284,364,toulouse
17,5,Conan,Ruiz,nisl@icloud.ca,45,125,205,285,365,nice
17,6,Brian,Finch,semper.erat.in@aol.edu,46,126,206,286,366,nantes
17,7,Roth,George,aenean.gravida@google.couk,47,127,207,287,367,montpellier
17,8,Dean,Newman,mi@hotmail.couk,48,128,208,288,368,strasbourg
17,9,Maia,Page,neque.nullam@yahoo.org,49,129,209,289,369,bordeaux
17,10,Octavius,Armstrong,tristique.neque.venenatis@hotmail.com,50,130,210,290,370,lille
17,11,Bert,Guy,ipsum.non@yahoo.com,51,131,211,291,371,paris
17,12,Dana,Hutchinson,mauris.blandit.mattis@aol.edu,52,132,212,292,372,marseille
17,13,Hilel,Morrow,etiam.imperdiet.dictum@google.edu,53,133,213,293,373,lyon
17,14,Murphy,Wheeler,pharetra.sed@google.com,54,134,214,294,374,toulouse
17,15,Hope,Owen,ligula.nullam@yahoo.org,55,135,215,295,375,nice
17,16,Martin,Zamora,ullamcorper.nisl.arcu@protonmail.ca,56,136,216,296,376,nantes
17,17,Nero,Figueroa,aliquet@aol.org,57,137,217,297,377,montpellier
17,18,Leigh,Hammond,ac.libero@aol.org,58,138,218,298,378,strasbourg
17,19,Daniel,Lamb,ullamcorper.viverra@protonmail.com,59,139,219,299,379,bordeaux
17,20,Davis,Shepard,ultricies.adipiscing@protonmail.edu,60,140,220,300,380,lille
17,21,Baxter,Griffin,nam@icloud.edu,61,141,221,301,381,paris
17,22,Reed,Richard,vulputate.eu.odio@hotmail.edu,62,142,222,302,382,marseille
17,23,Patrick,Joseph,et.netus@outlook.edu,63,143,223,303,383,lyon
17,24,Vladimir,Hoffman,odio@protonmail.net,64,144,224,304,384,toulouse
17,25,Boris,Rivas,pede.suspendisse.dui@outlook.org,65,145,225,305,385,nice
17,26,Fleur,Nolan,non@protonmail.net,66,146,226,306,386,nantes
17,27,Ivy,Buchanan,sit.amet.ante@google.ca,67,147,227,307,387,montpellier
17,28,Mikayla,Foreman,elit.pellentesque@google.ca,68,148,228,308,388,strasbourg
17,29,Jack,Fox,sit.amet@protonmail.couk,69,149,229,309,389,bordeaux
17,30,Shellie,Moody,vel.lectus@google.edu,70,150,230,310,390,lille
17,31,Nero,Dunn,mauris.a.nunc@google.edu,71,151,231,311,391,paris
17,32,Isabella,Shaffer,duis@yahoo.net,72,152,232,312,392,marseille
17,33,Chester,Wagner,euismod@aol.edu,73,153,233,313,393,lyon
17,34,Harding,Maxwell,velit.aliquam@icloud.edu,74,154,234,314,394,toulouse
17,35,Brian,Sawyer,nibh.dolor@protonmail.edu,75,155,235,315,395,nice
17,36,Phyllis,Davenport,enim.sit@google.net,76,156,236,316,396,nantes
17,37,Zoe,Calderon,aliquam.erat.volutpat@protonmail.net,77,157,237,317,397,montpellier
17,38,Allistair,Shaffer,leo.elementum@icloud.ca,78,158,238,318,398,strasbourg
17,39,Sybill,Skinner,arcu.imperdiet.ullamcorper@outlook.net,79,159,239,319,399,bordeaux
17,40,Amaya,Marshall,consequat.purus.maecenas@google.org,80,160,240,320,400,lille
18,1,Elijah,Griffin,et@protonmail.couk,81,161,241,321,401,paris
18,2,Zenia,Harrison,consectetuer@icloud.ca,82,162,242,322,402,marseille
18,3,Ulysses,Clark,cursus.luctus@icloud.org,83,163,243,323,403,lyon
18,4,September,Klein,etiam@yahoo.ca,84,164,244,324,404,toulouse
18,5,Demetrius,Walker,turpis@protonmail.com,85,165,245,325,405,nice
18,6,Otto,Hendrix,viverra.maecenas@protonmail.org,86,166,246,326,406,nantes
18,7,Noelle,Gates,massa.non@aol.org,87,167,247,327,407,montpellier
18,8,Brenden,English,ut@aol.net,88,168,248,328,408,strasbourg
18,9,Sybill,Herman,aliquam.vulputate@hotmail.com,89,169,249,329,409,bordeaux
18,10,Joel,Riley,mauris@aol.ca,90,170,250,330,410,lille
18,11,Urielle,Lee,tincidunt@aol.net,91,171,251,331,411,paris
18,12,Hakeem,Mcmillan,volutpat.ornare@protonmail.org,92,172,252,332,412,marseille
18,13,Samuel,Shaw,ac.mattis@protonmail.com,93,173,253,333,413,lyon
18,14,Amy,Macdonald,lorem@yahoo.net,94,174,254,334,414,toulouse
18,15,Quinlan,Norman,donec@protonmail.edu,95,175,255,335,415,nice
18,16,Alana,Sutton,amet.risus.donec@aol.com,96,176,256,336,416,nantes
18,17,Byron,Wolf,laoreet.ipsum.curabitur@google.couk,97,177,257,337,417,montpellier
18,18,Veda,Randolph,nunc@icloud.edu,98,178,258,338,418,strasbourg
18,19,Yoshi,Holmes,sed@icloud.couk,99,179,259,339,419,bordeaux
18,20,Sade,Cotton,ut.pharetra.sed@hotmail.couk,100,180,260,340,420,lille
18,21,Talon,Anthony,mattis.integer.eu@google.org,101,181,261,341,421,paris
18,22,Lawrence,Pierce,nonummy.fusce@icloud.org,102,182,262,342,422,marseille
18,23,Berk,Mendoza,donec.est@icloud.com,103,183,263,343,423,lyon
18,24,Melodie,Barrett,egestas.ligula.nullam@aol.ca,104,184,264,344,424,toulouse
18,25,Leah,Wagner,nec@aol.org,105,185,265,345,425,nice
18,26,Ria,Colon,velit.dui@icloud.org,106,186,266,346,426,nantes
18,27,Lucian,Sears,odio.auctor.vitae@yahoo.com,107,187,267,347,427,montpellier
18,28,Briar,Paul,arcu.vivamus@protonmail.com,108,188,268,348,428,strasbourg
18,29,Daphne,Soto,sit.amet@aol.net,109,189,269,349,429,bordeaux
18,30,Kitra,Stevenson,vivamus.non.lorem@google.ca,110,190,270,350,430,lille
18,31,Nichole,Mclaughlin,luctus@icloud.ca,111,191,271,351,431,paris
18,32,Aaron,Galloway,nec@yahoo.couk,112,192,272,352,432,marseille
18,33,Rebecca,Gross,curabitur.dictum.phasellus@protonmail.ca,113,193,273,353,433,lyon
18,34,Connor,Schultz,sagittis.semper.nam@outlook.edu,114,194,274,354,434,toulouse
18,35,Galvin,Joyce,neque.non@hotmail.com,115,195,275,355,435,nice
18,36,Lesley,Harvey,ante.ipsum@yahoo.couk,116,196,276,356,436,nantes
18,37,Oliver,Hahn,nulla@protonmail.org,117,197,277,357,437,montpellier
18,38,Chaney,Hurst,morbi.metus@icloud.edu,118,198,278,358,438,strasbourg
18,39,Nell,Floyd,adipiscing@outlook.org,119,199,279,359,439,bordeaux
18,40,Ezra,Calderon,luctus.lobortis@outlook.couk,120,200,280,360,440,lille
19,1,Dane,Whitehead,purus.duis@icloud.edu,121,201,281,361,441,paris
19,2,Brandon,Robertson,parturient.montes@google.net,122,202,282,362,442,marseille
19,3,Kaye,Owens,phasellus.elit@protonmail.org,123,203,283,363,443,lyon
19,4,Vera,Matthews,est.mauris@outlook.org,124,204,284,364,444,toulouse
19,5,Uma,Porter,gravida.sagittis@protonmail.ca,125,205,285,365,445,nice
19,6,Benjamin,Elliott,aenean.egestas.hendrerit@protonmail.net,126,206,286,366,446,nantes
19,7,Henry,Baldwin,sed@icloud.couk,127,207,287,367,447,montpellier
19,8,Nita,Ayala,phasellus.nulla@protonmail.org,128,208,288,368,448,strasbourg
19,9,Kimberly,Wells,amet.ante.vivamus@aol.org,129,209,289,369,449,bordeaux
19,10,Amos,Reynolds,pretium.neque@outlook.com,130,210,290,370,450,lille
19,11,Josiah,Sykes,elit.dictum@icloud.org,131,211,291,371,451,paris
19,12,Amelia,Richardson,mauris.nulla@icloud.net,132,212,292,372,452,marseille
19,13,Thane,Pollard,tempus.lorem@yahoo.org,133,213,293,373,453,lyon
19,14,Zane,Barrera,lobortis@google.net,134,214,294,374,454,toulouse
19,15,Mariam,Melton,sed.molestie.sed@protonmail.org,135,215,295,375,455,nice
19,16,Damon,Fischer,ut.lacus.nulla@yahoo.edu,136,216,296,376,456,nantes
19,17,Alisa,Kim,vivamus.rhoncus.donec@google.edu,137,217,297,377,457,montpellier
19,18,Christopher,Morse,ultricies.ornare.elit@yahoo.couk,138,218,298,378,458,strasbourg
19,19,Hamilton,Franks,ac.mattis@google.edu,139,219,299,379,459,bordeaux
19,20,Dorothy,Noel,a@yahoo.edu,140,220,300,380,460,lille
19,21,Rhoda,Schroeder,sagittis.placerat@google.com,141,221,301,381,461,paris
19,22,Sara,Sykes,ullamcorper.viverra@icloud.edu,142,222,302,382,462,marseille
19,23,Trevor,Pearson,dolor.sit.amet@yahoo.edu,143,223,303,383,463,lyon
19,24,Kennan,Howard,arcu.curabitur@hotmail.edu,144,224,304,384,464,toulouse
19,25,Pandora,Dillon,ipsum.porta@yahoo.com,145,225,305,385,465,nice
19,26,Gail,Lee,commodo.ipsum@yahoo.edu,146,226,306,386,466,nantes
19,27,Quin,Hill,quam@google.edu,147,227,307,387,467,montpellier
19,28,Noelani,Walter,scelerisque.lorem.ipsum@hotmail.net,148,228,308,388,468,strasbourg
19,29,Igor,Tyler,ridiculus.mus@icloud.couk,149,229,309,389,469,bordeaux
19,30,Kyra,Potter,dui.lectus@aol.net,150,230,310,390,470,lille
19,31,Imelda,Jordan,adipiscing.lobortis@aol.com,151,231,311,391,471,paris
19,32,Amber,Nichols,est.mauris@outlook.net,152,232,312,392,472,marseille
19,33,Hilel,Fleming,a.purus.duis@outlook.org,153,233,313,393,473,lyon
19,34,Kelly,Flynn,nisi@protonmail.org,154,234,314,394,474,toulouse
19,35,Abigail,Roach,mollis@google.net,155,235,315,395,475,nice
19,36,Garth,Lopez,mi.ac@google.ca,156,236,316,396,476,nantes
19,37,Christen,Willis,dictum.sapien@aol.net,157,237,317,397,477,montpellier
19,38,Stewart,Ashley,nullam.lobortis@yahoo.com,158,238,318,398,478,strasbourg
19,39,Ivan,Hayes,euismod@icloud.edu,159,239,319,399,479,bordeaux
19,40,Francis,Pennington,euismod.in@protonmail.edu,160,240,320,400,480,lille
20,1,Ryder,Carroll,mauris.suspendisse@yahoo.org,161,241,321,401,481,paris
20,2,John,Barton,sapien.cursus@hotmail.edu,162,242,322,402,482,marseille
20,3,Colton,Madden,nibh@yahoo.couk,163,243,323,403,483,lyon
20,4,Simon,Casey,suspendisse.commodo@protonmail.couk,164,244,324,404,484,toulouse
20,5,Todd,Stewart,turpis.aliquam.adipiscing@aol.org,165,245,325,405,485,nice
20,6,Reese,Kidd,donec@icloud.ca,166,246,326,406,486,nantes
20,7,Cassandra,Mcfarland,ut@aol.com,167,247,327,407,487,montpellier
20,8,Sandra,Morgan,purus.nullam.scelerisque@outlook.net,168,248,328,408,488,strasbourg
20,9,Juliet,Peterson,magnis.dis.parturient@icloud.edu,169,249,329,409,489,bordeaux
20,10,Kenyon,Burnett,facilisis@aol.net,170,250,330,410,490,lille
20,11,Joshua,Bush,tempus.scelerisque.lorem@protonmail.ca,171,251,331,411,491,paris
20,12,Clark,Richards,vestibulum.accumsan@icloud.com,172,252,332,412,492,marseille
20,13,August,Mccullough,tincidunt.neque@yahoo.com,173,253,333,413,493,lyon
20,14,Howard,Hale,tincidunt@icloud.org,174,254,334,414,494,toulouse
20,15,Iola,Barber,nec.euismod@icloud.edu,175,255,335,415,495,nice
20,16,Tobias,Frank,nulla.facilisis@icloud.org,176,256,336,416,496,nantes
20,17,Miriam,Craft,nisl@yahoo.com,177,257,337,417,497,montpellier
20,18,Tate,Brock,nullam@google.edu,178,258,338,418,498,strasbourg
20,19,Shaine,Gonzales,et@icloud.edu,179,259,339,419,499,bordeaux
20,20,Tucker,Harris,tincidunt.aliquam.arcu@outlook.couk,180,260,340,420,500,lille
20,21,Sebastian,Hull,quam.a.felis@protonmail.com,181,261,341,421,501,paris
20,22,Xena,Bryant,duis.at@icloud.net,182,262,342,422,502,marseille
20,23,Kylynn,Becker,vivamus.nisi@hotmail.org,183,263,343,423,503,lyon
20,24,Isaac,Chase,lectus.pede.ultrices@google.couk,184,264,344,424,504,toulouse
20,25,Octavius,Melton,eget.massa.suspendisse@aol.com,185,265,345,425,505,nice
20,26,Grady,Randall,urna.nec@icloud.edu,186,266,346,426,506,nantes
20,27,Francis,Rose,accumsan.convallis@yahoo.net,187,267,347,427,507,montpellier
20,28,Karen,Solis,egestas.rhoncus@google.ca,188,268,348,428,508,strasbourg
20,29,Russell,Atkins,quis.accumsan.convallis@hotmail.com,189,269,349,429,509,bordeaux
20,30,Clarke,Armstrong,est@yahoo.couk,190,270,350,430,510,lille
20,31,Emmanuel,Hull,cursus.nunc.mauris@google.net,191,271,351,431,511,paris
20,32,Veda,Peters,nunc.ut@icloud.com,192,272,352,432,512,marseille
20,33,Libby,Weaver,facilisis.suspendisse.commodo@yahoo.edu,193,273,353,433,513,lyon
20,34,Alyssa,Juarez,in.mi.pede@yahoo.edu,194,274,354,434,514,toulouse
20,35,Solomon,Turner,magnis.dis@aol.edu,195,275,355,435,515,nice
20,36,Rana,Pearson,ac@protonmail.edu,196,276,356,436,516,nantes
20,37,Beck,Howard,ornare.placerat@hotmail.couk,197,277,357,437,517,montpellier
20,38,Joel,Pate,lobortis.ultrices.vivamus@yahoo.com,198,278,358,438,518,strasbourg
20,39,Branden,Hayden,neque@icloud.edu,199,279,359,439,519,bordeaux
20,40,Caleb,Hardy,nec.tempus.scelerisque@icloud.org,200,280,360,440,520,lille
21,1,Lilah,Savage,ligula.donec.luctus@google.net,201,281,361,441,521,paris
21,2,Nichole,Norman,quisque.purus.sapien@icloud.ca,202,282,362,442,522,marseille
21,3,Oliver,Hubbard,vehicula.risus.nulla@yahoo.com,203,283,363,443,523,lyon
21,4,Jameson,Sloan,integer.in@protonmail.org,204,284,364,444,524,toulouse
21,5,Cheryl,Allen,pretium@aol.net,205,285,365,445,525,nice
21,6,Scarlett,Moss,dis.parturient.montes@hotmail.net,206,286,366,446,526,nantes
21,7,Ahmed,Evans,orci.phasellus@google.net,207,287,367,447,527,montpellier
21,8,Oscar,Henson,egestas.a@hotmail.ca,208,288,368,448,528,strasbourg
21,9,Byron,Dalton,augue.eu@icloud.couk,209,289,369,449,529,bordeaux
21,10,Cullen,Rosa,tellus.sem.mollis@google.ca,210,290,370,450,530,lille
21,11,Cara,Adams,magna@protonmail.ca,211,291,371,451,531,paris
21,12,Arsenio,Vaughn,magna.nam@outlook.org,212,292,372,452,532,marseille
21,13,Conan,Mathis,bibendum.donec@protonmail.edu,213,293,373,453,533,lyon
21,14,Kane,Mendez,in.condimentum@protonmail.com,214,294,374,454,534,toulouse
21,15,Bertha,Snyder,dictum@protonmail.org,215,295,375,455,535,nice
21,16,Wesley,Norman,montes.nascetur.ridiculus@protonmail.couk,216,296,376,456,536,nantes
21,17,Emerald,Tanner,diam@outlook.org,217,297,377,457,537,montpellier
21,18,Nell,English,consectetuer@hotmail.com,218,298,378,458,538,strasbourg
21,19,Whilemina,Shepherd,mauris.ut@aol.ca,219,299,379,459,539,bordeaux
21,20,Emi,Buckner,et.nunc@google.com,220,300,380,460,540,lille
21,21,Alea,Rowland,libero.integer@outlook.net,221,301,381,461,541,paris
21,22,Flavia,Mann,ipsum.porta@hotmail.edu,222,302,382,462,542,marseille
21,23,Gray,Dickerson,ultricies.dignissim@hotmail.edu,223,303,383,463,543,lyon
21,24,Kenneth,Mitchell,auctor.quis@hotmail.ca,224,304,384,464,544,toulouse
21,25,Forrest,Bell,diam.eu@icloud.net,225,305,385,465,545,nice
21,26,Brian,Cannon,consectetuer.mauris@google.couk,226,306,386,466,546,nantes
21,27,Curran,Knapp,malesuada@google.net,227,307,387,467,547,montpellier
21,28,Price,Lott,in.mi.pede@yahoo.net,228,308,388,468,548,strasbourg
21,29,Megan,Juarez,dictum.cursus@google.net,229,309,389,469,549,bordeaux
21,30,Kelly,Cervantes,primis@aol.net,230,310,390,470,550,lille
21,31,Jada,Conway,quis.urna@protonmail.com,231,311,391,471,551,paris
21,32,Kirsten,Sears,tincidunt.orci@outlook.ca,232,312,392,472,552,marseille
21,33,Duncan,Murray,id.risus@aol.net,233,313,393,473,553,lyon
21,34,Ivor,Villarreal,cum.sociis@protonmail.org,234,314,394,474,554,toulouse
21,35,Gray,Sullivan,phasellus@aol.edu,235,315,395,475,555,nice
21,36,Vaughan,Sloan,nec.metus@icloud.edu,236,316,396,476,556,nantes
21,37,Gwendolyn,Dudley,euismod@hotmail.com,237,317,397,477,557,montpellier
21,38,Kirestin,Warner,vitae.erat.vivamus@icloud.org,238,318,398,478,558,strasbourg
21,39,Urielle,Walton,mauris@outlook.ca,239,319,399,479,559,bordeaux
21,40,Lucas,Lynn,aliquam.enim@outlook.edu,240,320,400,480,560,lille
22,1,Camden,Norman,tortor.at.risus@hotmail.couk,241,321,401,481,561,paris
22,2,Caesar,Murphy,interdum.curabitur@icloud.com,242,322,402,482,562,marseille
22,3,Stewart,Mcneil,fames.ac@google.com,243,323,403,483,563,lyon
22,4,Felix,Carter,nec.imperdiet@outlook.com,244,324,404,484,564,toulouse
22,5,Catherine,Glass,ac.metus.vitae@yahoo.org,245,325,405,485,565,nice
22,6,Addison,Hubbard,quam.dignissim@yahoo.org,246,326,406,486,566,nantes
22,7,Lavinia,Dean,nec.urna@google.com,247,327,407,487,567,montpellier
22,8,Jaime,Winters,consequat.dolor@outlook.edu,248,328,408,488,568,strasbourg
22,9,Guy,Hunter,a@outlook.com,249,329,409,489,569,bordeaux
22,10,Rhiannon,Reeves,non.quam@icloud.net,250,330,410,490,570,lille
22,11,Keely,Gibbs,non@aol.org,251,331,411,491,571,paris
22,12,Zeus,Hahn,a.purus@aol.edu,252,332,412,492,572,marseille
22,13,Dolan,Mayo,sed.facilisis.vitae@icloud.ca,253,333,413,493,573,lyon
22,14,Eugenia,Acevedo,in.faucibus.morbi@hotmail.net,254,334,414,494,574,toulouse
22,15,Amanda,Duncan,sociis.natoque@hotmail.org,255,335,415,495,575,nice
22,16,Roary,Hayden,penatibus.et.magnis@icloud.com,256,336,416,496,576,nantes
22,17,Herrod,Browning,tincidunt@icloud.org,257,337,417,497,577,montpellier
22,18,Hashim,Stewart,pretium.et@aol.org,258,338,418,498,578,strasbourg
22,19,Adena,Maldonado,malesuada@protonmail.com,259,339,419,499,579,bordeaux
22,20,Rogan,Jacobson,nulla@outlook.edu,260,340,420,500,580,lille
22,21,Jeanette,Romero,donec@google.net,261,341,421,501,581,paris
22,22,Doris,Medina,lorem.fringilla@yahoo.com,262,342,422,502,582,marseille
22,23,Amber,Jones,imperdiet.ullamcorper@google.org,263,343,423,503,583,lyon
22,24,Catherine,Koch,luctus@google.org,264,344,424,504,584,toulouse
22,25,Clarke,Berry,velit.pellentesque@outlook.org,265,345,425,505,585,nice
22,26,Burton,Chaney,elementum.purus.accumsan@icloud.ca,266,346,426,506,586,nantes
22,27,Hyatt,Welch,malesuada.ut@protonmail.com,267,347,427,507,587,montpellier
22,28,Armand,Sweet,rutrum.magna.cras@outlook.edu,268,348,428,508,588,strasbourg
22,29,Cameron,Ashley,eu.nulla@aol.com,269,349,429,509,589,bordeaux
22,30,Travis,Sosa,cursus@hotmail.couk,270,350,430,510,590,lille
22,31,Aurelia,Daugherty,sodales.mauris@protonmail.couk,271,351,431,511,591,paris
22,32,Thomas,Britt,arcu.iaculis@icloud.com,272,352,432,512,592,marseille
22,33,Quemby,Cantu,torquent.per.conubia@google.com,273,353,433,513,593,lyon
22,34,Brielle,Mckenzie,elementum.dui.quis@yahoo.com,274,354,434,514,594,toulouse
22,35,Brett,Murphy,ut@aol.couk,275,355,435,515,595,nice
22,36,Merrill,Walters,adipiscing@aol.ca,276,356,436,516,596,nantes
22,37,Hyatt,Meyer,fringilla@google.ca,277,357,437,517,597,montpellier
22,38,Violet,Parks,et@outlook.net,278,358,438,518,598,strasbourg
22,39,Blaze,Green,non@aol.com,279,359,439,519,599,bordeaux
22,40,Randall,Maldonado,egestas.urna@yahoo.net,280,360,440,520,600,lille
23,1,Jamal,Garza,proin.non.massa@yahoo.net,281,361,441,521,1,paris
23,2,Barclay,Miles,sit.amet@outlook.edu,282,362,442,522,2,marseille
23,3,Haley,Roman,leo@google.couk,283,363,443,523,3,lyon
23,4,Caleb,Fields,tristique@yahoo.org,284,364,444,524,4,toulouse
23,5,Harper,Jennings,nisi@aol.net,285,365,445,525,5,nice
23,6,Devin,Sexton,lacus@google.com,286,366,446,526,6,nantes
23,7,Linus,Solis,posuere.vulputate.lacus@protonmail.net,287,367,447,527,7,montpellier
23,8,Shellie,Webster,hendrerit@yahoo.edu,288,368,448,528,8,strasbourg
23,9,Peter,Osborn,et.ultrices@hotmail.edu,289,369,449,529,9,bordeaux
23,10,Alea,Harvey,auctor@google.com,290,370,450,530,10,lille
23,11,Yardley,Gilliam,non.sapien.molestie@icloud.org,291,371,451,531,11,paris
23,12,Xyla,Mooney,elit.sed@yahoo.com,292,372,452,532,12,marseille
23,13,Wesley,Farrell,vel@protonmail.ca,293,373,453,533,13,lyon
23,14,Mercedes,Salinas,convallis.ligula@yahoo.edu,294,374,454,534,14,toulouse
23,15,Abraham,Gregory,et.ultrices.posuere@aol.couk,295,375,455,535,15,nice
23,16,Jamal,Cox,eros.proin@protonmail.couk,296,376,456,536,16,nantes
23,17,Merritt,Duffy,at.arcu.vestibulum@icloud.edu,297,377,457,537,17,montpellier
23,18,Patrick,Morse,curabitur.vel.lectus@yahoo.edu,298,378,458,538,18,strasbourg
23,19,Price,Rollins,leo.cras.vehicula@hotmail.edu,299,379,459,539,19,bordeaux
23,20,Harriet,Berry,consectetuer.cursus@google.org,300,380,460,540,20,lille
23,21,Ferris,Velez,non.ante.bibendum@yahoo.com,301,381,461,541,21,paris
23,22,Hedda,Charles,dictum.mi.ac@protonmail.ca,302,382,462,542,22,marseille
23,23,Lacy,Blackwell,urna.ut@google.net,303,383,463,543,23,lyon
23,24,Keane,Nolan,neque.in@outlook.ca,304,384,464,544,24,toulouse
23,25,Kessie,Paul,cursus@outlook.couk,305,385,465,545,25,nice
23,26,Hannah,Parrish,magna.cras@aol.ca,306,386,466,546,26,nantes
23,27,Ross,Colon,tincidunt@protonmail.org,307,387,467,547,27,montpellier
23,28,Irma,Frost,velit@aol.couk,308,388,468,548,28,strasbourg
23,29,Janna,Phillips,massa.quisque@hotmail.net,309,389,469,549,29,bordeaux
23,30,John,Stuart,libero@icloud.com,310,390,470,550,30,lille
23,31,Uma,Murray,aenean.massa.integer@icloud.com,311,391,471,551,31,paris
23,32,Mufutau,Peck,dis.parturient@hotmail.net,312,392,472,552,32,marseille
23,33,Kameko,Mcguire,ornare.egestas@yahoo.net,313,393,473,553,33,lyon
23,34,Harper,Dennis,ornare.elit@hotmail.com,314,394,474,554,34,toulouse
23,35,Carla,Berg,mauris.suspendisse.aliquet@google.org,315,395,475,555,35,nice
23,36,Thomas,Alvarez,fringilla@yahoo.ca,316,396,476,556,36,nantes
23,37,Hakeem,Shaffer,massa.quisque@yahoo.edu,317,397,477,557,37,montpellier
23,38,Kerry,Daugherty,nunc.ac.mattis@outlook.couk,318,398,478,558,38,strasbourg
23,39,Rose,Contreras,fusce.diam@outlook.edu,319,399,479,559,39,bordeaux
23,40,Evangeline,Snyder,in.nec@aol.com,320,400,480,560,40,lille
24,1,Zelenia,Berg,dui.semper@outlook.net,321,401,481,561,41,paris
24,2,Stacy,Eaton,lacus.mauris.non@outlook.net,322,402,482,562,42,marseille
24,3,Giselle,Franco,ridiculus.mus@hotmail.com,323,403,483,563,43,lyon
24,4,Vielka,Odom,quis.tristique.ac@aol.ca,324,404,484,564,44,toulouse
24,5,Dahlia,Mcknight,ante.dictum.mi@aol.com,325,405,485,565,45,nice
24,6,Tyrone,Rutledge,nulla.tempor@outlook.ca,326,406,486,566,46,nantes
24,7,Barclay,Sharpe,ac.libero.nec@protonmail.org,327,407,487,567,47,montpellier
24,8,Kuame,Ray,sit@google.couk,328,408,488,568,48,strasbourg
24,9,Amy,Hays,sociis.natoque.penatibus@icloud.net,329,409,489,569,49,bordeaux
24,10,Nathaniel,Whitney,nulla.integer@hotmail.com,330,410,490,570,50,lille
24,11,Amela,Mcbride,nec.mollis@google.net,331,411,491,571,51,paris
24,12,Russell,Tanner,velit.quisque@aol.couk,332,412,492,572,52,marseille
24,13,Cole,Jennings,aenean.gravida@hotmail.org,333,413,493,573,53,lyon
24,14,Grady,Valentine,aliquet.phasellus@icloud.edu,334,414,494,574,54,toulouse
24,15,Isaiah,Salinas,eleifend.cras.sed@aol.com,335,415,495,575,55,nice
24,16,Hilel,Noble,sagittis@yahoo.com,336,416,496,576,56,nantes
24,17,Gay,Porter,sed.auctor@icloud.ca,337,417,497,577,57,montpellier
24,18,Hamilton,Sparks,cursus.et.magna@hotmail.edu,338,418,498,578,58,strasbourg
24,19,Tatiana,Blevins,eros.turpis.non@icloud.com,339,419,499,579,59,bordeaux
24,20,Declan,Hunter,dignissim@aol.couk,340,420,500,580,60,lille
24,21,Alfreda,Alvarado,sociis@protonmail.com,341,421,501,581,61,paris
24,22,Candice,Wilder,neque@aol.com,342,422,502,582,62,marseille
24,23,Kirk,Vinson,vitae.odio.sagittis@aol.net,343,423,503,583,63,lyon
24,24,Azalia,Rodgers,nec@outlook.org,344,424,504,584,64,toulouse
24,25,Raya,Buchanan,velit.pellentesque@protonmail.edu,345,425,505,585,65,nice
24,26,Felix,Franco,nullam.vitae@hotmail.ca,346,426,506,586,66,nantes
24,27,Leonard,Bates,fames.ac@google.org,347,427,507,587,67,montpellier
24,28,Petra,Gould,praesent.luctus.curabitur@yahoo.ca,348,428,508,588,68,strasbourg
24,29,Deanna,Delaney,fusce.aliquam.enim@protonmail.com,349,429,509,589,69,bordeaux
24,30,Cynthia,Bonner,dui.suspendisse@aol.com,350,430,510,590,70,lille
24,31,Cora,Sykes,purus.maecenas.libero@icloud.edu,351,431,511,591,71,paris
24,32,Armand,Meadows,morbi@outlook.couk,352,432,512,592,72,marseille
24,33,Graham,Langley,rhoncus.donec@protonmail.couk,353,433,513,593,73,lyon
24,34,TaShya,Chase,proin.mi.aliquam@hotmail.net,354,434,514,594,74,toulouse
24,35,Halla,Griffith,non.nisi@aol.ca,355,435,515,595,75,nice
24,36,Thane,Battle,ultrices.posuere.cubilia@google.com,356,436,516,596,76,nantes
24,37,Gisela,Daugherty,augue@yahoo.couk,357,437,517,597,77,montpellier
24,38,Brent,Coleman,dictum.mi@hotmail.net,358,438,518,598,78,strasbourg
24,39,Moses,Henry,vivamus.non@protonmail.org,359,439,519,599,79,bordeaux
24,40,Aretha,Patton,nec.tempus@protonmail.net,360,440,520,600,80,lille
25,1,Colt,Franks,risus@outlook.org,361,441,521,1,81,paris
25,2,Mohammad,Lara,quisque.varius.nam@yahoo.com,362,442,522,2,82,marseille
25,3,Luke,Fuller,facilisis@google.org,363,443,523,3,83,lyon
25,4,Elton,Salazar,diam.at.pretium@hotmail.ca,364,444,524,4,84,toulouse
25,5,Chava,Gray,ornare@outlook.couk,365,445,525,5,85,nice
25,6,Patricia,Cook,sit.amet@protonmail.com,366,446,526,6,86,nantes
25,7,Wesley,Horne,velit.eget@protonmail.com,367,447,527,7,87,montpellier
25,8,Palmer,Boyd,aliquet.diam@google.couk,368,448,528,8,88,strasbourg
25,9,Murphy,Barrera,lorem@google.com,369,449,529,9,89,bordeaux
25,10,Barry,Hays,massa.vestibulum@outlook.net,370,450,530,10,90,lille
25,11,Jeanette,Gillespie,orci.ut.sagittis@google.net,371,451,531,11,91,paris
25,12,Eugenia,Mccarthy,faucibus.lectus@aol.org,372,452,532,12,92,marseille
25,13,Eugenia,Mccarthy,parturient.montes.nascetur@outlook.org,373,453,533,13,93,lyon
25,14,Amaya,Kennedy,proin.ultrices@protonmail.net,374,454,534,14,94,toulouse
25,15,Giacomo,Guy,fermentum@protonmail.org,375,455,535,15,95,nice
25,16,India,Lamb,urna@google.org,376,456,536,16,96,nantes
25,17,Porter,Nielsen,ligula.donec.luctus@outlook.couk,377,457,537,17,97,montpellier
25,18,Hoyt,Hester,purus.in@outlook.com,378,458,538,18,98,strasbourg
25,19,Colorado,Morse,luctus.et@google.com,379,459,539,19,99,bordeaux
25,20,Camden,Mcdaniel,aliquam.nisl.nulla@google.org,380,460,540,20,100,lille
25,21,Kylan,Smith,enim.etiam@google.com,381,461,541,21,101,paris
25,22,Jameson,Warren,ac.turpis@protonmail.com,382,462,542,22,102,marseille
25,23,Ashton,Holmes,dapibus@google.ca,383,463,543,23,103,lyon
25,24,Colleen,Livingston,semper@icloud.net,384,464,544,24,104,toulouse
25,25,Perry,Blair,tellus.non.magna@protonmail.net,385,465,545,25,105,nice
25,26,Hollee,Donaldson,rhoncus@outlook.org,386,466,546,26,106,nantes
25,27,Nola,Bauer,a@outlook.net,387,467,547,27,107,montpellier
25,28,Fay,Snow,pellentesque.ut.ipsum@icloud.couk,388,468,548,28,108,strasbourg
25,29,Portia,Arnold,proin.velit.sed@aol.edu,389,469,549,29,109,bordeaux
25,30,Wayne,Travis,tincidunt.congue@google.org,390,470,550,30,110,lille
25,31,Nadine,Vang,adipiscing.mauris.molestie@google.net,391,471,551,31,111,paris
25,32,Kareem,Paul,nascetur.ridiculus.mus@outlook.ca,392,472,552,32,112,marseille
25,33,Denton,Davenport,porttitor.scelerisque@aol.org,393,473,553,33,113,lyon
25,34,Myra,Travis,diam.nunc@hotmail.couk,394,474,554,34,114,toulouse
25,35,Ruby,Shannon,nulla.eu@aol.ca,395,475,555,35,115,nice
25,36,Hayden,Chambers,dis@google.net,396,476,556,36,116,nantes
25,37,Nehru,Frederick,et.pede@icloud.net,397,477,557,37,117,montpellier
25,38,Fletcher,Mccray,aliquet.libero@aol.org,398,478,558,38,118,strasbourg
25,39,Myles,Rice,ut.ipsum@yahoo.edu,399,479,559,39,119,bordeaux
25,40,Gisela,Adams,condimentum.eget@outlook.net,400,480,560,40,120,lille
26,1,Felicia,Turner,in.at.pede@icloud.couk,401,481,561,41,121,paris
26,2,Yasir,Bauer,donec.egestas@google.ca,402,482,562,42,122,marseille
26,3,Sopoline,Green,sed.eu@icloud.edu,403,483,563,43,123,lyon
26,4,Allegra,Mcdonald,enim@protonmail.com,404,484,564,44,124,toulouse
26,5,Norman,Santiago,purus.gravida.sagittis@protonmail.couk,405,485,565,45,125,nice
26,6,Kimberley,Williamson,cras.interdum.nunc@protonmail.org,406,486,566,46,126,nantes
26,7,Sharon,Nunez,at.augue@google.com,407,487,567,47,127,montpellier
26,8,Karyn,Marshall,rhoncus.nullam.velit@aol.couk,408,488,568,48,128,strasbourg
26,9,Octavius,Johnson,eu@outlook.net,409,489,569,49,129,bordeaux
26,10,Shelley,Roberts,aliquet.odio@protonmail.com,410,490,570,50,130,lille
26,11,Reuben,Oneal,ante.ipsum@icloud.com,411,491,571,51,131,paris
26,12,Arthur,Cameron,laoreet.posuere@yahoo.edu,412,492,572,52,132,marseille
26,13,Jena,Fleming,pellentesque.sed@aol.couk,413,493,573,53,133,lyon
26,14,Lynn,Sherman,nulla@hotmail.org,414,494,574,54,134,toulouse
26,15,Hollee,Townsend,magna@google.ca,415,495,575,55,135,nice
26,16,Duncan,Dotson,tincidunt.nibh@protonmail.net,416,496,576,56,136,nantes
26,17,Ramona,Oneal,ligula.tortor.dictum@outlook.ca,417,497,577,57,137,montpellier
26,18,Dante,Melton,lorem.eu@icloud.com,418,498,578,58,138,strasbourg
26,19,Francesca,Gonzalez,nulla.eu@icloud.ca,419,499,579,59,139,bordeaux
26,20,Macaulay,Emerson,tempor.diam.dictum@protonmail.edu,420,500,580,60,140,lille
26,21,Gil,Ramos,purus.sapien@hotmail.edu,421,501,581,61,141,paris
26,22,Aurelia,Wilkinson,euismod.enim@protonmail.com,422,502,582,62,142,marseille
26,23,Talon,Hernandez,curabitur.ut@outlook.net,423,503,583,63,143,lyon
26,24,Maggy,Tillman,maecenas.iaculis@aol.ca,424,504,584,64,144,toulouse
26,25,Edward,Bowman,ultrices.posuere@yahoo.ca,425,505,585,65,145,nice
26,26,Samuel,Nichols,at@icloud.ca,426,506,586,66,146,nantes
26,27,Reese,Nixon,nunc@outlook.ca,427,507,587,67,147,montpellier
26,28,Clayton,Morris,aenean.eget@aol.net,428,508,588,68,148,strasbourg
26,29,Boris,Flores,penatibus.et@icloud.edu,429,509,589,69,149,bordeaux
26,30,Maryam,Conley,risus.a.ultricies@hotmail.net,430,510,590,70,150,lille
26,31,Kato,Patton,ut.nulla@outlook.net,431,511,591,71,151,paris
26,32,Jermaine,Blevins,duis.dignissim.tempor@yahoo.couk,432,512,592,72,152,marseille
26,33,Lysandra,Lewis,velit.eget@aol.ca,433,513,593,73,153,lyon
26,34,Victoria,Gay,blandit.mattis@yahoo.ca,434,514,594,74,154,toulouse
26,35,Nigel,Harmon,nec.enim@outlook.edu,435,515,595,75,155,nice
26,36,Stewart,Zimmerman,dictum.placerat.augue@hotmail.couk,436,516,596,76,156,nantes
26,37,Martin,Emerson,magna.suspendisse.tristique@icloud.edu,437,517,597,77,157,montpellier
26,38,Carl,Weiss,mi.ac.mattis@protonmail.com,438,518,598,78,158,strasbourg
26,39,Fiona,Christensen,odio.nam.interdum@protonmail.com,439,519,599,79,159,bordeaux
26,40,Vielka,Keith,non@aol.com,440,520,600,80,160,lille
27,1,Emery,Combs,felis.donec@outlook.org,441,521,1,81,161,paris
27,2,Martena,Rocha,rutrum.lorem@google.edu,442,522,2,82,162,marseille
27,3,Keane,Vazquez,nec.tempus@aol.ca,443,523,3,83,163,lyon
27,4,Aurora,Washington,posuere@google.edu,444,524,4,84,164,toulouse
27,5,Jarrod,Hodges,curabitur@hotmail.com,445,525,5,85,165,nice
27,6,Meredith,Conrad,natoque.penatibus.et@hotmail.org,446,526,6,86,166,nantes
27,7,Rana,Holden,justo.praesent@yahoo.net,447,527,7,87,167,montpellier
27,8,Dylan,Gregory,phasellus.fermentum.convallis@yahoo.ca,448,528,8,88,168,strasbourg
27,9,Samuel,Wallace,aliquam.gravida@google.net,449,529,9,89,169,bordeaux
27,10,Kevyn,Valentine,sed.dictum@protonmail.ca,450,530,10,90,170,lille
27,11,Felicia,Mccarthy,quisque.libero@hotmail.net,451,531,11,91,171,paris
27,12,Yeo,Eaton,aliquam@hotmail.edu,452,532,12,92,172,marseille
27,13,Harper,Castro,tincidunt@hotmail.org,453,533,13,93,173,lyon
27,14,Bevis,Stuart,nibh.quisque@google.edu,454,534,14,94,174,toulouse
27,15,Byron,Nixon,turpis.egestas.fusce@protonmail.org,455,535,15,95,175,nice
27,16,Jessamine,Valentine,lorem.luctus.ut@icloud.couk,456,536,16,96,176,nantes
27,17,Mariam,Barnes,per.inceptos@outlook.edu,457,537,17,97,177,montpellier
27,18,Mikayla,Gould,dolor.egestas.rhoncus@yahoo.couk,458,538,18,98,178,strasbourg
27,19,Geoffrey,Pugh,est.ac@hotmail.ca,459,539,19,99,179,bordeaux
27,20,Maxwell,Hammond,duis.cursus@hotmail.net,460,540,20,100,180,lille
27,21,Cyrus,Cobb,ornare.tortor.at@google.net,461,541,21,101,181,paris
27,22,Rama,Brooks,sem@hotmail.net,462,542,22,102,182,marseille
27,23,Camden,Small,tincidunt.nibh@yahoo.edu,463,543,23,103,183,lyon
27,24,Duncan,Dunn,lorem.ipsum@hotmail.edu,464,544,24,104,184,toulouse
27,25,Xandra,Buckley,lobortis.tellus@yahoo.net,465,545,25,105,185,nice
27,26,Nichole,Simpson,sapien.molestie@outlook.couk,466,546,26,106,186,nantes
27,27,Amelia,Jordan,mauris.integer@outlook.org,467,547,27,107,187,montpellier
27,28,Inga,Elliott,vel@hotmail.net,468,548,28,108,188,strasbourg
27,29,Julie,Rogers,quis@yahoo.couk,469,549,29,109,189,bordeaux
27,30,Patrick,Reyes,parturient.montes@protonmail.com,470,550,30,110,190,lille
27,31,Carly,Simpson,duis.elementum.dui@aol.couk,471,551,31,111,191,paris
27,32,Jillian,Jackson,malesuada.ut.sem@yahoo.ca,472,552,32,112,192,marseille
27,33,Miriam,Hayes,aliquet.phasellus@outlook.org,473,553,33,113,193,lyon
27,34,Ursa,Brennan,leo.in@aol.couk,474,554,34,114,194,toulouse
27,35,Brendan,Baker,aliquet.proin@yahoo.ca,475,555,35,115,195,nice
27,36,Brynn,Haley,auctor@hotmail.edu,476,556,36,116,196,nantes
27,37,Samantha,Lindsay,proin.mi@icloud.org,477,557,37,117,197,montpellier
27,38,Allen,Daniels,ut.aliquam.iaculis@icloud.ca,478,558,38,118,198,strasbourg
27,39,Janna,Leblanc,ipsum.ac.mi@aol.couk,479,559,39,119,199,bordeaux
27,40,Chester,Lindsey,lectus.justo.eu@yahoo.org,480,560,40,120,200,lille
28,1,Bevis,Gibbs,ipsum.non@hotmail.org,481,561,41,121,201,paris
28,2,Moses,Stokes,in.tincidunt@outlook.com,482,562,42,122,202,marseille
28,3,Josiah,Fuller,mauris.nulla@aol.edu,483,563,43,123,203,lyon
28,4,Barclay,Olson,nibh.dolor@outlook.net,484,564,44,124,204,toulouse
28,5,Dorothy,Sanchez,nunc.laoreet@icloud.com,485,565,45,125,205,nice
28,6,Brian,Good,magna.tellus.faucibus@outlook.org,486,566,46,126,206,nantes
28,7,Palmer,Schroeder,magna.tellus.faucibus@yahoo.ca,487,567,47,127,207,montpellier
28,8,Matthew,Pickett,metus@protonmail.net,488,568,48,128,208,strasbourg
28,9,Zahir,Mayo,egestas.sed@aol.com,489,569,49,129,209,bordeaux
28,10,Kylee,Mccray,aliquet.magna.a@outlook.ca,490,570,50,130,210,lille
28,11,Emma,Lara,ut.aliquam@yahoo.couk,491,571,51,131,211,paris
28,12,Richard,Rivas,euismod.mauris.eu@yahoo.couk,492,572,52,132,212,marseille
28,13,Hashim,Buchanan,dolor.dolor@aol.net,493,573,53,133,213,lyon
28,14,Demetria,Castro,nascetur.ridiculus@hotmail.com,494,574,54,134,214,toulouse
28,15,Cairo,Gonzales,orci.sem@google.ca,495,575,55,135,215,nice
28,16,Yardley,Bruce,arcu.sed@icloud.couk,496,576,56,136,216,nantes
28,17,Vivian,Lindsey,a.facilisis.non@hotmail.net,497,577,57,137,217,montpellier
28,18,Alfonso,Gutierrez,mollis@yahoo.couk,498,578,58,138,218,strasbourg
28,19,Damon,Herman,parturient.montes@google.net,499,579,59,139,219,bordeaux
28,20,Cade,Rodriquez,mattis.ornare.lectus@aol.org,500,580,60,140,220,lille
28,21,Luke,Cooley,nam.consequat.dolor@protonmail.net,501,581,61,141,221,paris
28,22,Wilma,Pugh,et.eros@google.couk,502,582,62,142,222,marseille
28,23,TaShya,Sosa,curabitur@yahoo.ca,503,583,63,143,223,lyon
28,24,Xander,Sanford,quis.turpis.vitae@yahoo.edu,504,584,64,144,224,toulouse
28,25,Claudia,Mueller,cras@protonmail.edu,505,585,65,145,225,nice
28,26,Calista,Bradshaw,aliquet.vel.vulputate@yahoo.org,506,586,66,146,226,nantes
28,27,Caryn,Avila,sed.sapien@google.net,507,587,67,147,227,montpellier
28,28,Kareem,Webb,malesuada.fames@google.couk,508,588,68,148,228,strasbourg
28,29,Aquila,Wood,arcu@aol.couk,509,589,69,149,229,bordeaux
28,30,Sheila,Lowe,euismod.est.arcu@protonmail.com,510,590,70,150,230,lille
28,31,Rose,Ruiz,cubilia.curae@outlook.net,511,591,71,151,231,paris
28,32,Vincent,Sanford,enim.nunc.ut@yahoo.couk,512,592,72,152,232,marseille
28,33,Harper,Meyer,donec.est.mauris@yahoo.edu,513,593,73,153,233,lyon
28,34,Amaya,Howell,duis.a.mi@hotmail.com,514,594,74,154,234,toulouse
28,35,Jamal,Mcfarland,quis.arcu@outlook.couk,515,595,75,155,235,nice
28,36,Quinn,Sheppard,metus.aenean@google.net,516,596,76,156,236,nantes
28,37,Flynn,West,luctus@outlook.org,517,597,77,157,237,montpellier
28,38,Tallulah,Pacheco,adipiscing.non@protonmail.com,518,598,78,158,238,strasbourg
28,39,Uriah,Reyes,maecenas.mi@icloud.com,519,599,79,159,239,bordeaux
28,40,Sydnee,Fitzgerald,nec.imperdiet@google.org,520,600,80,160,240,lille
29,1,Susan,Delaney,orci.lacus.vestibulum@protonmail.couk,521,1,81,161,241,paris
29,2,Josiah,Riley,pellentesque@outlook.couk,522,2,82,162,242,marseille
29,3,Cheyenne,Gibbs,ac.mattis@outlook.com,523,3,83,163,243,lyon
29,4,Porter,Collins,pellentesque@outlook.ca,524,4,84,164,244,toulouse
29,5,Aileen,Barr,turpis@outlook.com,525,5,85,165,245,nice
29,6,Alden,Preston,cursus.in.hendrerit@google.net,526,6,86,166,246,nantes
29,7,Marsden,Gay,mollis.phasellus@google.ca,527,7,87,167,247,montpellier
29,8,Caesar,Hoffman,iaculis.nec.eleifend@protonmail.net,528,8,88,168,248,strasbourg
29,9,Fiona,Bartlett,libero@protonmail.org,529,9,89,169,249,bordeaux
29,10,Shelby,Stafford,donec.est.mauris@protonmail.ca,530,10,90,170,250,lille
29,11,Bree,Dawson,urna.et@google.ca,531,11,91,171,251,paris
29,12,Linda,Luna,purus.mauris@hotmail.couk,532,12,92,172,252,marseille
29,13,Marsden,Wong,malesuada.id@google.edu,533,13,93,173,253,lyon
29,14,Ivory,Armstrong,proin@yahoo.org,534,14,94,174,254,toulouse
29,15,Aquila,Crosby,donec.nibh.enim@outlook.couk,535,15,95,175,255,nice
29,16,Samson,Pope,elit@aol.com,536,16,96,176,256,nantes
29,17,Harrison,Noel,non.feugiat@hotmail.org,537,17,97,177,257,montpellier
29,18,Mechelle,Lamb,ac.fermentum.vel@outlook.org,538,18,98,178,258,strasbourg
29,19,TaShya,Reyes,tincidunt.orci.quis@google.edu,539,19,99,179,259,bordeaux
29,20,Blossom,Sparks,libero.at@icloud.couk,540,20,100,180,260,lille
29,21,Lester,Hays,vulputate.mauris@hotmail.org,541,21,101,181,261,paris
29,22,Cleo,Holt,sapien.gravida.non@yahoo.org,542,22,102,182,262,marseille
29,23,Melanie,Rocha,vestibulum.mauris.magna@google.couk,543,23,103,183,263,lyon
29,24,Athena,Burch,scelerisque.lorem@aol.com,544,24,104,184,264,toulouse
29,25,Jordan,Dickerson,convallis.est@aol.edu,545,25,105,185,265,nice
29,26,Quentin,Simpson,velit.quisque@aol.edu,546,26,106,186,266,nantes
29,27,Hilel,Alston,libero@outlook.org,547,27,107,187,267,montpellier
29,28,Kylee,Justice,cras@protonmail.net,548,28,108,188,268,strasbourg
29,29,Chandler,Cain,donec.est@google.net,549,29,109,189,269,bordeaux
29,30,Lacey,Elliott,malesuada.malesuada.integer@google.edu,550,30,110,190,270,lille
29,31,Libby,Mclean,dolor@aol.ca,551,31,111,191,271,paris
29,32,Brennan,Bonner,aliquam.auctor.velit@hotmail.org,552,32,112,192,272,marseille
29,33,Celeste,Bryant,nulla.donec@icloud.ca,553,33,113,193,273,lyon
29,34,Alexandra,Nichols,cras.lorem@icloud.edu,554,34,114,194,274,toulouse
29,35,Nehru,Burton,sem.consequat@protonmail.ca,555,35,115,195,275,nice
29,36,Xenos,Young,turpis.nulla.aliquet@google.org,556,36,116,196,276,nantes
29,37,Austin,Cline,scelerisque.neque.sed@icloud.org,557,37,117,197,277,montpellier
29,38,Herrod,Marks,enim.nec@protonmail.org,558,38,118,198,278,strasbourg
29,39,Noelle,Ashley,varius.et.euismod@yahoo.net,559,39,119,199,279,bordeaux
29,40,Nathan,Crosby,et@hotmail.org,560,40,120,200,280,lille
30,1,Kyra,Madden,justo.proin@aol.ca,561,41,121,201,281,paris
30,2,Baxter,Gibson,mi.lacinia.mattis@icloud.org,562,42,122,202,282,marseille
30,3,Reagan,Cotton,curabitur.consequat.lectus@icloud.couk,563,43,123,203,283,lyon
30,4,Reed,Powers,porttitor.tellus@hotmail.net,564,44,124,204,284,toulouse
30,5,Keely,Schultz,molestie@protonmail.ca,565,45,125,205,285,nice
30,6,Hoyt,Mosley,iaculis@aol.net,566,46,126,206,286,nantes
30,7,India,Petersen,bibendum.fermentum.metus@yahoo.com,567,47,127,207,287,montpellier
30,8,Alexandra,Baxter,at@outlook.net,568,48,128,208,288,strasbourg
30,9,Paula,Simpson,imperdiet@aol.edu,569,49,129,209,289,bordeaux
30,10,Chadwick,Aguilar,semper.nam@icloud.couk,570,50,130,210,290,lille
30,11,Isabelle,O'Neill,bibendum@icloud.net,571,51,131,211,291,paris
30,12,Dora,Orr,elit.aliquam@icloud.edu,572,52,132,212,292,marseille
30,13,Brenden,Hayden,vel.est.tempor@google.ca,573,53,133,213,293,lyon
30,14,Mannix,Best,dictum.proin.eget@protonmail.net,574,54,134,214,294,toulouse
30,15,Walter,Foley,blandit.nam@aol.couk,575,55,135,215,295,nice
30,16,Laith,Mills,ultricies.adipiscing@hotmail.org,576,56,136,216,296,nantes
30,17,Nigel,Carlson,bibendum.ullamcorper@google.com,577,57,137,217,297,montpellier
30,18,Calvin,Goodwin,aliquam.tincidunt@aol.net,578,58,138,218,298,strasbourg
30,19,Hayes,Moore,aliquam.iaculis@hotmail.org,579,59,139,219,299,bordeaux
30,20,Jada,Santiago,justo.nec@hotmail.couk,580,60,140,220,300,lille
30,21,Ivory,Ferguson,euismod.mauris.eu@aol.edu,581,61,141,221,301,paris
30,22,Odette,Austin,porttitor.eros.nec@aol.ca,582,62,142,222,302,marseille
30,23,Trevor,Washington,volutpat.nulla.dignissim@outlook.couk,583,63,143,223,303,lyon
30,24,Jacqueline,Anthony,ante.dictum@protonmail.org,584,64,144,224,304,toulouse
30,25,Elton,Warren,sem@protonmail.com,585,65,145,225,305,nice
30,26,Levi,Hopper,erat@aol.couk,586,66,146,226,306,nantes
30,27,Gemma,Garza,tortor.integer@yahoo.edu,587,67,147,227,307,montpellier
30,28,Patience,Waller,elit.nulla.facilisi@aol.edu,588,68,148,228,308,strasbourg
30,29,Zeph,Osborn,fusce.feugiat.lorem@yahoo.net,589,69,149,229,309,bordeaux
30,30,Fay,Klein,nulla@yahoo.com,590,70,150,230,310,lille
30,31,Marny,Blackwell,mollis.lectus.pede@hotmail.net,591,71,151,231,311,paris
30,32,Evangeline,Colon,neque.nullam@icloud.couk,592,72,152,232,312,marseille
30,33,Sopoline,Christian,tempus.lorem.fringilla@yahoo.ca,593,73,153,233,313,lyon
30,34,Zena,Dunn,molestie.sodales.mauris@aol.net,594,74,154,234,314,toulouse
30,35,Bruno,Burt,dolor.vitae@yahoo.org,595,75,155,235,315,nice
30,36,Jasper,Ramirez,dapibus.id.blandit@protonmail.ca,596,76,156,236,316,nantes
30,37,Tanner,Francis,elit@yahoo.com,597,77,157,237,317,montpellier
30,38,September,Keller,ligula@yahoo.couk,598,78,158,238,318,strasbourg
30,39,Nasim,Vang,purus.sapien@protonmail.net,599,79,159,239,319,bordeaux
30,40,Alfonso,Sargent,elit.pharetra@google.org,600,80,160,240,320,lille
31,1,Valentine,Moody,pede.ultrices@aol.couk,1,81,161,241,321,paris
31,2,Gloria,Hood,facilisi.sed@google.com,2,82,162,242,322,marseille
31,3,Hamilton,Greene,ut.eros@google.net,3,83,163,243,323,lyon
31,4,Phoebe,Bush,enim.sed.nulla@aol.net,4,84,164,244,324,toulouse
31,5,Griffin,Alvarado,mollis.vitae@outlook.net,5,85,165,245,325,nice
31,6,Dexter,Charles,mattis.integer.eu@icloud.ca,6,86,166,246,326,nantes
31,7,Nasim,Porter,arcu.imperdiet.ullamcorper@aol.couk,7,87,167,247,327,montpellier
31,8,Chloe,Oliver,in.ornare@yahoo.com,8,88,168,248,328,strasbourg
31,9,Jarrod,Gallegos,quis.massa.mauris@outlook.couk,9,89,169,249,329,bordeaux
31,10,Karina,Fuentes,duis.volutpat.nunc@protonmail.ca,10,90,170,250,330,lille
31,11,Eliana,Bean,nulla.facilisi@hotmail.couk,11,91,171,251,331,paris
31,12,Harrison,Foster,nisl.nulla@aol.ca,12,92,172,252,332,marseille
31,13,Mary,Calhoun,feugiat.placerat.velit@hotmail.org,13,93,173,253,333,lyon
31,14,Raya,Malone,ac.arcu@hotmail.ca,14,94,174,254,334,toulouse
31,15,Lysandra,Baker,eget.tincidunt.dui@protonmail.org,15,95,175,255,335,nice
31,16,Hu,Richmond,enim.sed@protonmail.org,16,96,176,256,336,nantes
31,17,Griffith,Whitney,interdum.sed@hotmail.com,17,97,177,257,337,montpellier
31,18,Lacy,Colon,magna.lorem@protonmail.org,18,98,178,258,338,strasbourg
31,19,Bethany,Humphrey,nunc@outlook.net,19,99,179,259,339,bordeaux
31,20,Clio,Sanchez,non.arcu@yahoo.com,20,100,180,260,340,lille
31,21,Danielle,Mcbride,vitae.risus@aol.org,21,101,181,261,341,paris
31,22,Zephr,Miranda,purus@protonmail.ca,22,102,182,262,342,marseille
31,23,MacKenzie,Stone,suspendisse.sagittis.nullam@google.net,23,103,183,263,343,lyon
31,24,Kelly,Holloway,elementum@aol.com,24,104,184,264,344,toulouse
31,25,Sonia,Montgomery,volutpat@icloud.com,25,105,185,265,345,nice
31,26,Stone,Miller,dolor.dapibus.gravida@icloud.couk,26,106,186,266,346,nantes
31,27,Perry,Kennedy,urna.nullam@outlook.org,27,107,187,267,347,montpellier
31,28,Hyatt,Mercado,scelerisque.mollis@yahoo.com,28,108,188,268,348,strasbourg
31,29,Neville,Fischer,diam@protonmail.com,29,109,189,269,349,bordeaux
31,30,Joseph,Kerr,dolor.sit@protonmail.net,30,110,190,270,350,lille
31,31,Alvin,Lambert,aliquet.sem@yahoo.ca,31,111,191,271,351,paris
31,32,Zelda,Mcmillan,pharetra.sed@aol.org,32,112,192,272,352,marseille
31,33,John,Cherry,mattis.semper@aol.couk,33,113,193,273,353,lyon
31,34,Odysseus,Orr,ipsum.donec@icloud.couk,34,114,194,274,354,toulouse
31,35,Natalie,Larsen,eget.venenatis@icloud.net,35,115,195,275,355,nice
31,36,Hamish,May,sem.ut@yahoo.ca,36,116,196,276,356,nantes
31,37,Zelda,Foreman,non@outlook.ca,37,117,197,277,357,montpellier
31,38,Dacey,Santiago,in.condimentum.donec@aol.com,38,118,198,278,358,strasbourg
31,39,Quon,Stuart,ornare.lectus.justo@aol.ca,39,119,199,279,359,bordeaux
31,40,Silas,Gibson,in@yahoo.net,40,120,200,280,360,lille
32,1,Stephen,Eaton,suspendisse.non@protonmail.org,41,121,201,281,361,paris
32,2,Paul,Robles,molestie@protonmail.net,42,122,202,282,362,marseille
32,3,Priscilla,Larson,vulputate.ullamcorper@aol.net,43,123,203,283,363,lyon
32,4,Nayda,Warren,morbi.accumsan.laoreet@protonmail.net,44,124,204,284,364,toulouse
32,5,Zoe,Chambers,eget.tincidunt@aol.edu,45,125,205,285,365,nice
32,6,Alana,Ramirez,nisl.elementum@outlook.net,46,126,206,286,366,nantes
32,7,Jamal,Dillon,lectus.a@yahoo.net,47,127,207,287,367,montpellier
32,8,Jeanette,Bauer,aliquet@protonmail.org,48,128,208,288,368,strasbourg
32,9,Miranda,Burke,placerat.augue@google.org,49,129,209,289,369,bordeaux
32,10,Wyoming,Pierce,cras@protonmail.ca,50,130,210,290,370,lille
32,11,Vernon,Higgins,risus.at.fringilla@protonmail.couk,51,131,211,291,371,paris
32,12,Echo,Bradley,facilisis.facilisis.magna@icloud.ca,52,132,212,292,372,marseille
32,13,MacKenzie,Wiggins,nascetur@aol.edu,53,133,213,293,373,lyon
32,14,Nicholas,Christian,libero@aol.edu,54,134,214,294,374,toulouse
32,15,Lawrence,Mccoy,sem.ut.cursus@yahoo.couk,55,135,215,295,375,nice
32,16,Talon,Mcknight,interdum.curabitur.dictum@google.edu,56,136,216,296,376,nantes
32,17,Josephine,Chang,egestas@google.edu,57,137,217,297,377,montpellier
32,18,Isabelle,Mcmillan,libero.morbi.accumsan@hotmail.com,58,138,218,298,378,strasbourg
32,19,Bree,Norton,cursus.non@protonmail.com,59,139,219,299,379,bordeaux
32,20,Peter,Rivas,et.ultrices@google.edu,60,140,220,300,380,lille
32,21,Mallory,Turner,morbi@outlook.edu,61,141,221,301,381,paris
32,22,Mufutau,Wilkerson,dolor.sit@icloud.com,62,142,222,302,382,marseille
32,23,Gannon,Hensley,litora.torquent@icloud.com,63,143,223,303,383,lyon
32,24,Darryl,Booth,natoque.penatibus@google.couk,64,144,224,304,384,toulouse
32,25,Cora,Morrow,pellentesque.eget@aol.com,65,145,225,305,385,nice
32,26,David,Deleon,sem.elit.pharetra@yahoo.ca,66,146,226,306,386,nantes
32,27,Beatrice,Howard,integer.mollis@icloud.org,67,147,227,307,387,montpellier
32,28,Xenos,Molina,natoque@outlook.couk,68,148,228,308,388,strasbourg
32,29,Rylee,Griffin,in.aliquet@yahoo.ca,69,149,229,309,389,bordeaux
32,30,Sylvia,Farley,cras.lorem.lorem@google.net,70,150,230,310,390,lille
32,31,Keiko,Colon,cursus.et.eros@hotmail.com,71,151,231,311,391,paris
32,32,Peter,Morse,et@yahoo.net,72,152,232,312,392,marseille
32,33,Britanney,Bridges,lectus@aol.edu,73,153,233,313,393,lyon
32,34,Lawrence,Foreman,vitae.sodales@hotmail.edu,74,154,234,314,394,toulouse
32,35,Pamela,Clements,turpis.non@outlook.org,75,155,235,315,395,nice
32,36,Aiko,Fuller,aliquam.ultrices.iaculis@protonmail.couk,76,156,236,316,396,nantes
32,37,Theodore,Mcfarland,ac@icloud.edu,77,157,237,317,397,montpellier
32,38,Cailin,Meyer,integer.urna.vivamus@icloud.org,78,158,238,318,398,strasbourg
32,39,Tamekah,Mccarthy,leo.in@google.edu,79,159,239,319,399,bordeaux
32,40,Karen,Baldwin,integer.aliquam@icloud.couk,80,160,240,320,400,lille
